filename,width,height,class,xmin,ymin,xmax,ymax
T_P_Trabajando_Manos_91.jpg,1920,1080,hand,1300,264,1355,328
T_P_Trabajando_Manos_91.jpg,1920,1080,hand,1398,260,1451,319
T_P_Trabajando_Manos_16.jpg,1920,1080,hand,1434,217,1492,272
T_P_Mostrando_Verdes_58.jpg,1920,1080,hand,1112,251,1159,299
T_P_Mostrando_Verdes_58.jpg,1920,1080,hand,1306,268,1340,309
T_P_Mostrando_Amarillos_64.jpg,1920,1080,hand,1610,141,1667,184
T_P_Mostrando_Amarillos_64.jpg,1920,1080,hand,1474,148,1542,193
T_P_Trabajando_Verdes_137.jpg,1920,1080,hand,1174,204,1223,265
T_P_Trabajando_Verdes_137.jpg,1920,1080,hand,1248,196,1305,266
T_P_Mostrando_Mano-Verde_21.jpg,1920,1080,hand,1080,245,1127,304
T_P_Mostrando_Mano-Verde_21.jpg,1920,1080,hand,1155,256,1207,295
T_P_Mostrando_Manos_130.jpg,1920,1080,hand,1164,160,1230,205
T_P_Mostrando_Manos_130.jpg,1920,1080,hand,1435,208,1494,256
T_P_Trabajando_Verdes_140.jpg,1920,1080,hand,1111,220,1202,291
T_P_Trabajando_Verdes_140.jpg,1920,1080,hand,1044,209,1099,251
T_P_Trabajando_Verdes_34.jpg,1920,1080,hand,1306,225,1367,274
T_P_Trabajando_Verdes_34.jpg,1920,1080,hand,1206,220,1263,268
T_P_Trabajando_Amarillos_49.jpg,1920,1080,hand,1206,245,1255,285
T_P_Trabajando_Amarillos_49.jpg,1920,1080,hand,1262,216,1302,264
T_P_Mostrando_Manos_109.jpg,1920,1080,hand,1083,209,1161,258
T_P_Mostrando_Manos_109.jpg,1920,1080,hand,1322,223,1397,281
T_P_Trabajando_Mano-Verde_11.jpg,1920,1080,hand,1246,219,1294,261
T_P_Mostrando_Manos_116.jpg,1920,1080,hand,1131,267,1177,310
T_P_Mostrando_Manos_116.jpg,1920,1080,hand,1298,265,1358,315
T_P_Mostrando_Manos_0.jpg,1920,1080,hand,1342,625,1433,735
T_P_Mostrando_Verdes_50.jpg,1920,1080,hand,1186,241,1234,291
T_P_Mostrando_Verdes_50.jpg,1920,1080,hand,1247,252,1303,296
T_P_Mostrando_Verdes_92.jpg,1920,1080,hand,1384,80,1453,127
T_P_Mostrando_Verdes_92.jpg,1920,1080,hand,1227,39,1308,97
T_P_Mostrando_Amarillos_8.jpg,1920,1080,hand,1181,261,1231,297
T_P_Mostrando_Amarillos_8.jpg,1920,1080,hand,1188,228,1247,260
T_P_Mostrando_Verdes_107.jpg,1920,1080,hand,1495,327,1543,405
T_P_Mostrando_Verdes_107.jpg,1920,1080,hand,1561,329,1614,389
T_P_Trabajando_Manos_107.jpg,1920,1080,hand,1200,236,1247,281
T_P_Mostrando_Verdes_57.jpg,1920,1080,hand,1091,259,1147,313
T_P_Mostrando_Verdes_57.jpg,1920,1080,hand,1318,272,1367,320
T_P_Trabajando_Mano-Amarillo_38.jpg,1920,1080,hand,1139,222,1198,305
T_P_Trabajando_Mano-Amarillo_38.jpg,1920,1080,hand,1220,204,1262,244
T_P_Trabajando_Manos_79.jpg,1920,1080,hand,1299,218,1356,274
T_P_Trabajando_Manos_79.jpg,1920,1080,hand,1193,229,1244,275
T_P_Mostrando_Manos_37.jpg,1920,1080,hand,1415,183,1472,241
T_P_Mostrando_Manos_37.jpg,1920,1080,hand,1575,226,1623,273
T_P_Trabajando_Mano-Amarillo_11.jpg,1920,1080,hand,1319,235,1367,295
T_P_Trabajando_Mano-Amarillo_11.jpg,1920,1080,hand,1188,248,1231,289
T_P_Trabajando_Manos_82.jpg,1920,1080,hand,1206,231,1252,273
T_P_Mostrando_Mano-Amarillo_0.jpg,1920,1080,hand,1083,206,1126,253
T_P_Mostrando_Mano-Amarillo_0.jpg,1920,1080,hand,935,183,974,233
T_P_Mostrando_Verdes_36.jpg,1920,1080,hand,1044,265,1120,305
T_P_Mostrando_Verdes_36.jpg,1920,1080,hand,1355,272,1419,312
T_P_Trabajando_Verdes_160.jpg,1920,1080,hand,1244,201,1298,255
T_P_Trabajando_Verdes_161.jpg,1920,1080,hand,1295,206,1343,252
T_P_Trabajando_Verdes_161.jpg,1920,1080,hand,1239,202,1294,253
T_P_Trabajando_Manos_26.jpg,1920,1080,hand,1138,243,1200,291
T_P_Mostrando_Verdes_79.jpg,1920,1080,hand,1026,87,1097,157
T_P_Mostrando_Verdes_99.jpg,1920,1080,hand,1597,1,1655,63
T_P_Trabajando_Verdes_124.jpg,1920,1080,hand,1166,229,1215,295
T_P_Trabajando_Verdes_124.jpg,1920,1080,hand,1230,237,1282,292
T_P_Trabajando_Verdes_154.jpg,1920,1080,hand,1208,184,1254,240
T_P_Trabajando_Mano-Verde_13.jpg,1920,1080,hand,1232,245,1288,288
T_P_Mostrando_Verdes_80.jpg,1920,1080,hand,1086,54,1151,138
T_P_Mostrando_Verdes_80.jpg,1920,1080,hand,1339,83,1403,150
T_P_Mostrando_Manos_83.jpg,1920,1080,hand,1178,261,1227,295
T_P_Mostrando_Manos_83.jpg,1920,1080,hand,1236,259,1287,296
T_P_Trabajando_Mano-Amarillo_48.jpg,1920,1080,hand,1146,241,1208,281
T_P_Trabajando_Mano-Amarillo_48.jpg,1920,1080,hand,1204,221,1258,264
T_P_Trabajando_Manos_93.jpg,1920,1080,hand,1282,253,1333,315
T_P_Trabajando_Manos_93.jpg,1920,1080,hand,1361,201,1405,248
T_P_Trabajando_Manos_85.jpg,1920,1080,hand,1206,244,1247,286
T_P_Trabajando_Manos_109.jpg,1920,1080,hand,1142,221,1198,274
T_P_Trabajando_Manos_109.jpg,1920,1080,hand,1236,255,1278,285
T_P_Trabajando_Manos_108.jpg,1920,1080,hand,1151,216,1205,282
T_P_Mostrando_Manos_54.jpg,1920,1080,hand,950,201,976,245
T_P_Mostrando_Manos_54.jpg,1920,1080,hand,1030,200,1072,249
T_P_Trabajando_Mano-Amarillo_13.jpg,1920,1080,hand,1331,213,1382,312
T_P_Trabajando_Mano-Amarillo_13.jpg,1920,1080,hand,1184,249,1226,283
T_P_Trabajando_Manos_74.jpg,1920,1080,hand,1246,236,1292,272
T_P_Trabajando_Manos_74.jpg,1920,1080,hand,1199,228,1240,267
T_P_Trabajando_Amarillos_52.jpg,1920,1080,hand,1180,236,1238,280
T_P_Mostrando_Verdes_74.jpg,1920,1080,hand,1090,260,1143,307
T_P_Mostrando_Verdes_74.jpg,1920,1080,hand,1344,268,1406,319
T_P_Trabajando_Manos_45.jpg,1920,1080,hand,1190,244,1236,288
T_P_Trabajando_Manos_45.jpg,1920,1080,hand,1254,252,1296,285
T_P_Trabajando_Manos_96.jpg,1920,1080,hand,1244,169,1296,204
T_P_Trabajando_Manos_96.jpg,1920,1080,hand,1144,193,1205,229
T_P_Mostrando_Amarillos_16.jpg,1920,1080,hand,1343,257,1415,306
T_P_Mostrando_Amarillos_16.jpg,1920,1080,hand,1056,248,1144,299
T_P_Trabajando_Verdes_6.jpg,1920,1080,hand,1113,214,1175,270
T_P_Trabajando_Verdes_6.jpg,1920,1080,hand,1216,253,1264,313
T_P_Trabajando_Verdes_169.jpg,1920,1080,hand,1289,217,1334,262
T_P_Trabajando_Verdes_169.jpg,1920,1080,hand,1238,219,1284,265
T_P_Mostrando_Manos_33.jpg,1920,1080,hand,1456,261,1495,315
T_P_Mostrando_Manos_33.jpg,1920,1080,hand,1579,283,1622,329
T_P_Trabajando_Manos_136.jpg,1920,1080,hand,1172,228,1224,284
T_P_Mostrando_Verdes_2.jpg,1920,1080,hand,1179,263,1239,301
T_P_Mostrando_Verdes_2.jpg,1920,1080,hand,1240,259,1310,301
T_P_Trabajando_Verdes_96.jpg,1920,1080,hand,1127,227,1197,287
T_P_Trabajando_Manos_100.jpg,1920,1080,hand,1160,241,1198,276
T_P_Trabajando_Manos_100.jpg,1920,1080,hand,1254,233,1310,276
T_P_Mostrando_Verdes_44.jpg,1920,1080,hand,1183,271,1235,317
T_P_Mostrando_Verdes_44.jpg,1920,1080,hand,1235,272,1287,315
T_P_Mostrando_Manos_112.jpg,1920,1080,hand,1365,272,1426,317
T_P_Mostrando_Manos_112.jpg,1920,1080,hand,1051,260,1126,311
T_P_Trabajando_Manos_162.jpg,1920,1080,hand,1279,212,1337,314
T_P_Trabajando_Manos_162.jpg,1920,1080,hand,1129,223,1181,304
T_P_Trabajando_Manos_138.jpg,1920,1080,hand,1180,244,1238,311
T_P_Trabajando_Amarillos_41.jpg,1920,1080,hand,1194,217,1244,265
T_P_Trabajando_Verdes_167.jpg,1920,1080,hand,1293,217,1339,261
T_P_Trabajando_Verdes_167.jpg,1920,1080,hand,1232,219,1284,260
T_P_Mostrando_Manos_21.jpg,1920,1080,hand,1460,205,1498,245
T_P_Mostrando_Manos_21.jpg,1920,1080,hand,1587,226,1626,263
T_P_Trabajando_Mano-Verde_14.jpg,1920,1080,hand,1336,252,1396,292
T_P_Trabajando_Mano-Verde_14.jpg,1920,1080,hand,1235,249,1300,295
T_P_Trabajando_Mano-Verde_4.jpg,1920,1080,hand,1218,208,1260,248
T_P_Trabajando_Manos_20.jpg,1920,1080,hand,1398,197,1464,248
T_P_Trabajando_Manos_20.jpg,1920,1080,hand,1120,153,1182,195
T_P_Trabajando_Verdes_159.jpg,1920,1080,hand,1235,204,1298,260
T_P_Mostrando_Verdes_78.jpg,1920,1080,hand,992,153,1076,210
T_P_Trabajando_Manos_57.jpg,1920,1080,hand,1164,255,1218,287
T_P_Mostrando_Manos_57.jpg,1920,1080,hand,932,205,988,267
T_P_Mostrando_Manos_57.jpg,1920,1080,hand,1038,201,1087,249
T_P_Mostrando_Manos_61.jpg,1920,1080,hand,930,239,992,307
T_P_Mostrando_Manos_61.jpg,1920,1080,hand,1019,245,1069,308
T_P_Trabajando_Verdes_29.jpg,1920,1080,hand,1275,222,1316,291
T_P_Trabajando_Verdes_29.jpg,1920,1080,hand,1162,233,1215,288
T_P_Mostrando_Mano-Verde_5.jpg,1920,1080,hand,984,2,1055,64
T_P_Mostrando_Manos_35.jpg,1920,1080,hand,1582,240,1620,283
T_P_Mostrando_Manos_35.jpg,1920,1080,hand,1463,223,1504,260
T_P_Trabajando_Verdes_3.jpg,1920,1080,hand,1284,260,1342,301
T_P_Trabajando_Verdes_3.jpg,1920,1080,hand,1070,239,1127,291
T_P_Trabajando_Mano-Amarillo_39.jpg,1920,1080,hand,1136,224,1199,290
T_P_Trabajando_Mano-Amarillo_39.jpg,1920,1080,hand,1222,205,1271,248
T_P_Mostrando_Manos_115.jpg,1920,1080,hand,1092,275,1138,312
T_P_Mostrando_Manos_115.jpg,1920,1080,hand,1339,275,1387,324
T_P_Mostrando_Manos_91.jpg,1920,1080,hand,1079,268,1127,304
T_P_Mostrando_Manos_91.jpg,1920,1080,hand,1340,276,1394,313
T_P_Trabajando_Mano-Amarillo_2.jpg,1920,1080,hand,1203,215,1275,269
T_P_Trabajando_Mano-Amarillo_2.jpg,1920,1080,hand,1326,256,1378,291
T_P_Mostrando_Manos_66.jpg,1920,1080,hand,1038,16,1091,61
T_P_Mostrando_Manos_66.jpg,1920,1080,hand,1115,188,1159,236
T_P_Mostrando_Manos_77.jpg,1920,1080,hand,1299,268,1352,301
T_P_Mostrando_Manos_77.jpg,1920,1080,hand,1070,251,1116,284
T_P_Mostrando_Verdes_34.jpg,1920,1080,hand,1062,256,1130,296
T_P_Mostrando_Verdes_34.jpg,1920,1080,hand,1342,263,1419,313
T_P_Mostrando_Verdes_109.jpg,1920,1080,hand,1570,318,1634,397
T_P_Mostrando_Verdes_109.jpg,1920,1080,hand,1486,319,1538,407
T_P_Trabajando_Manos_170.jpg,1920,1080,hand,1130,248,1187,308
T_P_Trabajando_Amarillos_38.jpg,1920,1080,hand,1188,223,1255,265
T_P_Mostrando_Mano-Amarillo_10.jpg,1920,1080,hand,985,22,1040,79
T_P_Mostrando_Mano-Amarillo_10.jpg,1920,1080,hand,1174,20,1214,84
T_P_Mostrando_Verdes_23.jpg,1920,1080,hand,1313,100,1383,192
T_P_Mostrando_Verdes_23.jpg,1920,1080,hand,1103,79,1184,157
T_P_Trabajando_Verdes_93.jpg,1920,1080,hand,1341,253,1400,300
T_P_Trabajando_Mano-Verde_20.jpg,1920,1080,hand,1200,249,1263,312
T_P_Mostrando_Manos_111.jpg,1920,1080,hand,1061,262,1140,308
T_P_Mostrando_Manos_111.jpg,1920,1080,hand,1352,276,1420,319
T_P_Mostrando_Amarillos_10.jpg,1920,1080,hand,1162,231,1207,272
T_P_Mostrando_Amarillos_10.jpg,1920,1080,hand,1207,215,1269,271
T_P_Mostrando_Verdes_20.jpg,1920,1080,hand,1058,75,1138,160
T_P_Mostrando_Verdes_20.jpg,1920,1080,hand,1354,104,1430,184
T_P_Mostrando_Verdes_72.jpg,1920,1080,hand,1087,271,1135,315
T_P_Mostrando_Verdes_72.jpg,1920,1080,hand,1354,279,1409,317
T_P_Trabajando_Verdes_83.jpg,1920,1080,hand,1195,216,1251,271
T_P_Trabajando_Verdes_83.jpg,1920,1080,hand,1308,257,1358,293
T_P_Trabajando_Amarillos_18.jpg,1920,1080,hand,1291,228,1342,288
T_P_Trabajando_Amarillos_18.jpg,1920,1080,hand,1063,219,1107,267
T_P_Mostrando_Amarillos_28.jpg,1920,1080,hand,1050,268,1106,305
T_P_Mostrando_Amarillos_28.jpg,1920,1080,hand,1356,280,1410,317
T_P_Trabajando_Verdes_24.jpg,1920,1080,hand,1263,229,1316,277
T_P_Trabajando_Mano-Amarillo_42.jpg,1920,1080,hand,1156,239,1212,276
T_P_Trabajando_Mano-Amarillo_42.jpg,1920,1080,hand,1180,195,1243,245
T_P_Trabajando_Amarillos_65.jpg,1920,1080,hand,1155,233,1214,294
T_P_Trabajando_Amarillos_65.jpg,1920,1080,hand,1247,256,1299,297
T_P_Mostrando_Verdes_3.jpg,1920,1080,hand,1185,264,1238,309
T_P_Mostrando_Verdes_3.jpg,1920,1080,hand,1245,267,1297,310
T_P_Trabajando_Manos_150.jpg,1920,1080,hand,1275,221,1342,280
T_P_Trabajando_Manos_150.jpg,1920,1080,hand,1081,224,1163,287
T_P_Mostrando_Manos_114.jpg,1920,1080,hand,1361,280,1423,321
T_P_Mostrando_Manos_114.jpg,1920,1080,hand,1075,263,1146,316
T_P_Trabajando_Verdes_17.jpg,1920,1080,hand,1135,244,1191,297
T_P_Trabajando_Verdes_17.jpg,1920,1080,hand,1031,240,1092,285
T_P_Trabajando_Verdes_56.jpg,1920,1080,hand,1060,243,1128,285
T_P_Mostrando_Manos_127.jpg,1920,1080,hand,1252,169,1295,237
T_P_Mostrando_Manos_127.jpg,1920,1080,hand,1303,207,1358,264
T_P_Mostrando_Verdes_89.jpg,1920,1080,hand,1339,102,1392,159
T_P_Mostrando_Verdes_89.jpg,1920,1080,hand,1171,89,1248,159
T_P_Mostrando_Manos_11.jpg,1920,1080,hand,1610,258,1677,321
T_P_Mostrando_Manos_11.jpg,1920,1080,hand,1384,159,1434,205
T_P_Trabajando_Manos_175.jpg,1920,1080,hand,1132,259,1194,313
T_P_Trabajando_Manos_175.jpg,1920,1080,hand,1252,240,1319,275
T_P_Trabajando_Verdes_82.jpg,1920,1080,hand,1194,224,1248,272
T_P_Trabajando_Verdes_82.jpg,1920,1080,hand,1307,255,1355,293
T_P_Mostrando_Manos_118.jpg,1920,1080,hand,1174,257,1220,299
T_P_Mostrando_Manos_118.jpg,1920,1080,hand,1258,257,1300,313
T_P_Trabajando_Mano-Amarillo_26.jpg,1920,1080,hand,1288,222,1353,296
T_P_Trabajando_Mano-Amarillo_10.jpg,1920,1080,hand,1313,239,1369,302
T_P_Trabajando_Mano-Amarillo_10.jpg,1920,1080,hand,1190,248,1231,288
T_P_Trabajando_Manos_88.jpg,1920,1080,hand,1271,239,1304,285
T_P_Trabajando_Manos_88.jpg,1920,1080,hand,1164,236,1208,273
T_P_Trabajando_Verdes_106.jpg,1920,1080,hand,1107,185,1159,251
T_P_Trabajando_Verdes_106.jpg,1920,1080,hand,1342,217,1411,271
T_P_Trabajando_Amarillos_46.jpg,1920,1080,hand,1251,206,1285,253
T_P_Trabajando_Amarillos_46.jpg,1920,1080,hand,1215,252,1252,287
T_P_Mostrando_Manos_102.jpg,1920,1080,hand,1087,203,1130,255
T_P_Mostrando_Manos_102.jpg,1920,1080,hand,1330,219,1383,276
T_P_Trabajando_Verdes_141.jpg,1920,1080,hand,1167,238,1226,298
T_P_Trabajando_Verdes_141.jpg,1920,1080,hand,1248,250,1300,312
T_P_Mostrando_Verdes_54.jpg,1920,1080,hand,1164,269,1215,321
T_P_Mostrando_Verdes_54.jpg,1920,1080,hand,1262,277,1323,321
T_P_Trabajando_Mano-Amarillo_43.jpg,1920,1080,hand,1155,241,1218,285
T_P_Trabajando_Mano-Amarillo_43.jpg,1920,1080,hand,1192,199,1246,249
T_P_Mostrando_Verdes_91.jpg,1920,1080,hand,1376,71,1432,137
T_P_Mostrando_Verdes_91.jpg,1920,1080,hand,1194,44,1275,113
T_P_Mostrando_Manos_98.jpg,1920,1080,hand,1156,243,1220,304
T_P_Mostrando_Manos_98.jpg,1920,1080,hand,1250,252,1294,291
T_P_Trabajando_Verdes_138.jpg,1920,1080,hand,1129,213,1199,270
T_P_Trabajando_Verdes_55.jpg,1920,1080,hand,1063,235,1128,279
T_P_Mostrando_Mano-Amarillo_11.jpg,1920,1080,hand,1006,64,1071,113
T_P_Mostrando_Mano-Amarillo_11.jpg,1920,1080,hand,1224,47,1286,108
T_P_Trabajando_Mano-Amarillo_46.jpg,1920,1080,hand,1150,233,1208,280
T_P_Trabajando_Mano-Amarillo_46.jpg,1920,1080,hand,1194,204,1240,249
T_P_Trabajando_Amarillos_5.jpg,1920,1080,hand,1162,216,1227,275
T_P_Trabajando_Amarillos_5.jpg,1920,1080,hand,1112,213,1160,255
T_P_Trabajando_Verdes_71.jpg,1920,1080,hand,1238,243,1288,294
T_P_Trabajando_Verdes_71.jpg,1920,1080,hand,1304,235,1350,276
T_P_Trabajando_Verdes_97.jpg,1920,1080,hand,1298,220,1361,280
T_P_Trabajando_Verdes_97.jpg,1920,1080,hand,1135,236,1196,276
T_P_Trabajando_Verdes_142.jpg,1920,1080,hand,1168,235,1226,296
T_P_Trabajando_Verdes_142.jpg,1920,1080,hand,1245,252,1299,312
T_P_Mostrando_Verdes_71.jpg,1920,1080,hand,1088,269,1139,312
T_P_Mostrando_Verdes_71.jpg,1920,1080,hand,1353,274,1415,319
T_P_Trabajando_Mano-Amarillo_22.jpg,1920,1080,hand,1256,250,1312,288
T_P_Trabajando_Verdes_119.jpg,1920,1080,hand,1162,229,1207,291
T_P_Trabajando_Verdes_119.jpg,1920,1080,hand,1242,236,1298,301
T_P_Trabajando_Manos_78.jpg,1920,1080,hand,1196,244,1248,278
T_P_Mostrando_Verdes_51.jpg,1920,1080,hand,1255,255,1298,304
T_P_Mostrando_Verdes_51.jpg,1920,1080,hand,1191,251,1238,304
T_P_Trabajando_Manos_89.jpg,1920,1080,hand,1184,228,1239,272
T_P_Trabajando_Manos_89.jpg,1920,1080,hand,1323,231,1366,272
T_P_Trabajando_Verdes_10.jpg,1920,1080,hand,1085,234,1159,303
T_P_Trabajando_Verdes_10.jpg,1920,1080,hand,1204,245,1271,310
T_P_Mostrando_Verdes_15.jpg,1920,1080,hand,1088,253,1139,295
T_P_Mostrando_Verdes_15.jpg,1920,1080,hand,1335,265,1382,300
T_P_Trabajando_Verdes_125.jpg,1920,1080,hand,1159,233,1208,281
T_P_Trabajando_Verdes_125.jpg,1920,1080,hand,1236,245,1286,295
T_P_Trabajando_Manos_153.jpg,1920,1080,hand,1122,227,1173,283
T_P_Trabajando_Manos_153.jpg,1920,1080,hand,1239,241,1295,284
T_P_Trabajando_Amarillos_70.jpg,1920,1080,hand,1246,256,1298,297
T_P_Trabajando_Verdes_102.jpg,1920,1080,hand,1058,190,1130,249
T_P_Trabajando_Verdes_102.jpg,1920,1080,hand,1384,213,1447,274
T_P_Mostrando_Verdes_87.jpg,1920,1080,hand,1325,166,1376,213
T_P_Mostrando_Verdes_87.jpg,1920,1080,hand,1171,124,1232,180
T_P_Mostrando_Amarillos_7.jpg,1920,1080,hand,1185,257,1230,291
T_P_Mostrando_Amarillos_7.jpg,1920,1080,hand,1200,229,1248,261
T_P_Trabajando_Mano-Verde_2.jpg,1920,1080,hand,1206,193,1246,236
T_P_Trabajando_Mano-Verde_2.jpg,1920,1080,hand,1239,233,1275,268
T_P_Mostrando_Manos_10.jpg,1920,1080,hand,1470,241,1516,285
T_P_Mostrando_Verdes_10.jpg,1920,1080,hand,1090,259,1152,317
T_P_Mostrando_Verdes_10.jpg,1920,1080,hand,1310,275,1383,328
T_P_Trabajando_Verdes_99.jpg,1920,1080,hand,1152,220,1205,268
T_P_Trabajando_Mano-Amarillo_47.jpg,1920,1080,hand,1152,239,1211,281
T_P_Trabajando_Mano-Amarillo_47.jpg,1920,1080,hand,1194,213,1239,259
T_P_Mostrando_Amarillos_52.jpg,1920,1080,hand,1089,39,1156,121
T_P_Mostrando_Amarillos_52.jpg,1920,1080,hand,1317,72,1390,150
T_P_Trabajando_Manos_19.jpg,1920,1080,hand,1408,197,1471,247
T_P_Trabajando_Manos_19.jpg,1920,1080,hand,1144,139,1208,177
T_P_Trabajando_Verdes_52.jpg,1920,1080,hand,1117,209,1168,268
T_P_Trabajando_Mano-Verde_0.jpg,1920,1080,hand,1202,210,1248,253
T_P_Trabajando_Mano-Verde_0.jpg,1920,1080,hand,1238,232,1282,277
T_P_Trabajando_Verdes_12.jpg,1920,1080,hand,1070,242,1116,285
T_P_Trabajando_Verdes_12.jpg,1920,1080,hand,1155,244,1224,293
T_P_Mostrando_Amarillos_13.jpg,1920,1080,hand,1236,246,1287,289
T_P_Mostrando_Amarillos_13.jpg,1920,1080,hand,1187,241,1230,290
T_P_Trabajando_Verdes_152.jpg,1920,1080,hand,1251,199,1298,251
T_P_Trabajando_Verdes_152.jpg,1920,1080,hand,1294,215,1334,263
T_P_Trabajando_Mano-Amarillo_21.jpg,1920,1080,hand,1252,253,1311,292
T_P_Mostrando_Manos_97.jpg,1920,1080,hand,1176,256,1223,299
T_P_Mostrando_Manos_97.jpg,1920,1080,hand,1231,253,1278,303
T_P_Mostrando_Manos_100.jpg,1920,1080,hand,1080,252,1151,297
T_P_Mostrando_Manos_100.jpg,1920,1080,hand,1306,259,1392,303
T_P_Mostrando_Verdes_59.jpg,1920,1080,hand,1145,259,1188,309
T_P_Mostrando_Verdes_59.jpg,1920,1080,hand,1270,264,1326,319
T_P_Trabajando_Verdes_37.jpg,1920,1080,hand,1191,228,1238,267
T_P_Trabajando_Verdes_37.jpg,1920,1080,hand,1232,219,1278,267
T_P_Mostrando_Amarillos_42.jpg,1920,1080,hand,1307,244,1376,292
T_P_Mostrando_Amarillos_42.jpg,1920,1080,hand,1110,234,1165,281
T_P_Trabajando_Manos_48.jpg,1920,1080,hand,1187,220,1235,264
T_P_Mostrando_Manos_120.jpg,1920,1080,hand,1281,243,1318,296
T_P_Mostrando_Manos_120.jpg,1920,1080,hand,1156,240,1202,291
T_P_Trabajando_Manos_105.jpg,1920,1080,hand,1170,229,1234,277
T_P_Mostrando_Manos_41.jpg,1920,1080,hand,1311,25,1371,86
T_P_Mostrando_Manos_41.jpg,1920,1080,hand,1502,31,1562,95
T_P_Mostrando_Verdes_22.jpg,1920,1080,hand,1094,80,1165,156
T_P_Mostrando_Verdes_22.jpg,1920,1080,hand,1335,105,1392,184
T_P_Mostrando_Verdes_81.jpg,1920,1080,hand,1113,69,1179,139
T_P_Mostrando_Verdes_81.jpg,1920,1080,hand,1311,96,1364,163
T_P_Mostrando_Verdes_52.jpg,1920,1080,hand,1196,255,1238,304
T_P_Mostrando_Verdes_52.jpg,1920,1080,hand,1247,260,1300,313
T_P_Trabajando_Verdes_74.jpg,1920,1080,hand,1276,197,1328,245
T_P_Mostrando_Verdes_85.jpg,1920,1080,hand,1111,106,1175,173
T_P_Mostrando_Verdes_85.jpg,1920,1080,hand,1307,117,1374,184
T_P_Trabajando_Verdes_81.jpg,1920,1080,hand,1194,219,1246,263
T_P_Trabajando_Verdes_81.jpg,1920,1080,hand,1306,256,1354,296
T_P_Trabajando_Verdes_19.jpg,1920,1080,hand,1068,224,1142,276
T_P_Trabajando_Amarillos_16.jpg,1920,1080,hand,1217,239,1276,289
T_P_Trabajando_Mano-Amarillo_32.jpg,1920,1080,hand,1179,237,1243,278
T_P_Trabajando_Mano-Amarillo_32.jpg,1920,1080,hand,1283,247,1339,288
T_P_Trabajando_Amarillos_64.jpg,1920,1080,hand,1169,233,1225,295
T_P_Trabajando_Amarillos_64.jpg,1920,1080,hand,1251,257,1300,297
T_P_Trabajando_Mano-Amarillo_54.jpg,1920,1080,hand,1162,189,1208,244
T_P_Trabajando_Mano-Amarillo_54.jpg,1920,1080,hand,1199,215,1250,263
T_P_Mostrando_Amarillos_6.jpg,1920,1080,hand,1191,256,1231,288
T_P_Mostrando_Amarillos_6.jpg,1920,1080,hand,1203,228,1251,264
T_P_Mostrando_Amarillos_49.jpg,1920,1080,hand,1274,156,1349,239
T_P_Mostrando_Amarillos_49.jpg,1920,1080,hand,1146,126,1217,210
T_P_Mostrando_Verdes_13.jpg,1920,1080,hand,1113,254,1163,307
T_P_Mostrando_Verdes_13.jpg,1920,1080,hand,1314,269,1355,312
T_P_Mostrando_Amarillos_67.jpg,1920,1080,hand,1508,213,1569,293
T_P_Mostrando_Amarillos_67.jpg,1920,1080,hand,1604,217,1672,279
T_P_Trabajando_Mano-Amarillo_49.jpg,1920,1080,hand,1148,239,1212,279
T_P_Trabajando_Mano-Amarillo_49.jpg,1920,1080,hand,1202,216,1252,268
T_P_Trabajando_Manos_5.jpg,1920,1080,hand,1721,425,1779,521
T_P_Trabajando_Manos_5.jpg,1920,1080,hand,1308,382,1381,504
T_P_Trabajando_Verdes_32.jpg,1920,1080,hand,1197,211,1250,271
T_P_Trabajando_Verdes_32.jpg,1920,1080,hand,1338,244,1406,292
T_P_Trabajando_Manos_3.jpg,1920,1080,hand,1230,392,1309,516
T_P_Trabajando_Manos_3.jpg,1920,1080,hand,1667,512,1744,626
T_P_Mostrando_Verdes_26.jpg,1920,1080,hand,1148,170,1212,215
T_P_Mostrando_Verdes_26.jpg,1920,1080,hand,1275,175,1328,224
T_P_Mostrando_Manos_90.jpg,1920,1080,hand,1070,268,1119,307
T_P_Mostrando_Manos_90.jpg,1920,1080,hand,1347,287,1403,317
T_P_Mostrando_Manos_124.jpg,1920,1080,hand,1138,223,1190,282
T_P_Mostrando_Manos_124.jpg,1920,1080,hand,1269,249,1319,292
T_P_Trabajando_Mano-Verde_27.jpg,1920,1080,hand,1204,259,1271,308
T_P_Trabajando_Mano-Verde_27.jpg,1920,1080,hand,1292,204,1342,248
T_P_Trabajando_Manos_177.jpg,1920,1080,hand,1178,229,1219,265
T_P_Mostrando_Verdes_38.jpg,1920,1080,hand,1079,276,1162,323
T_P_Mostrando_Verdes_38.jpg,1920,1080,hand,1324,287,1408,333
T_P_Mostrando_Amarillos_68.jpg,1920,1080,hand,1617,213,1692,290
T_P_Mostrando_Amarillos_68.jpg,1920,1080,hand,1492,211,1552,283
T_P_Mostrando_Manos_56.jpg,1920,1080,hand,1039,198,1090,253
T_P_Mostrando_Manos_56.jpg,1920,1080,hand,931,211,983,261
T_P_Trabajando_Mano-Amarillo_14.jpg,1920,1080,hand,1326,219,1385,290
T_P_Trabajando_Mano-Amarillo_14.jpg,1920,1080,hand,1191,241,1239,289
T_P_Trabajando_Verdes_28.jpg,1920,1080,hand,1163,240,1214,281
T_P_Trabajando_Verdes_28.jpg,1920,1080,hand,1240,243,1290,289
T_P_Trabajando_Manos_157.jpg,1920,1080,hand,1118,245,1154,283
T_P_Trabajando_Manos_157.jpg,1920,1080,hand,1231,243,1272,291
T_P_Trabajando_Verdes_26.jpg,1920,1080,hand,1203,216,1253,270
T_P_Mostrando_Verdes_93.jpg,1920,1080,hand,1386,72,1483,143
T_P_Mostrando_Verdes_93.jpg,1920,1080,hand,1272,17,1347,87
T_P_Mostrando_Manos_15.jpg,1920,1080,hand,1575,56,1626,126
T_P_Mostrando_Manos_64.jpg,1920,1080,hand,1084,192,1135,233
T_P_Mostrando_Mano-Amarillo_8.jpg,1920,1080,hand,1121,5,1158,52
T_P_Mostrando_Mano-Amarillo_8.jpg,1920,1080,hand,945,4,988,56
T_P_Trabajando_Mano-Amarillo_44.jpg,1920,1080,hand,1150,241,1211,289
T_P_Trabajando_Mano-Amarillo_44.jpg,1920,1080,hand,1199,200,1244,248
T_P_Trabajando_Manos_56.jpg,1920,1080,hand,1172,251,1230,288
T_P_Trabajando_Manos_149.jpg,1920,1080,hand,1277,219,1349,282
T_P_Trabajando_Manos_149.jpg,1920,1080,hand,1103,225,1165,280
T_P_Mostrando_Manos_40.jpg,1920,1080,hand,1315,36,1386,97
T_P_Mostrando_Manos_40.jpg,1920,1080,hand,1535,45,1580,112
T_P_Trabajando_Manos_53.jpg,1920,1080,hand,1127,249,1179,296
T_P_Trabajando_Manos_53.jpg,1920,1080,hand,1251,257,1303,296
T_P_Trabajando_Verdes_157.jpg,1920,1080,hand,1255,243,1304,300
T_P_Mostrando_Verdes_27.jpg,1920,1080,hand,1267,199,1327,257
T_P_Mostrando_Verdes_27.jpg,1920,1080,hand,1143,203,1211,257
T_P_Mostrando_Verdes_101.jpg,1920,1080,hand,1655,12,1720,77
T_P_Trabajando_Verdes_57.jpg,1920,1080,hand,1076,244,1135,281
T_P_Trabajando_Verdes_7.jpg,1920,1080,hand,1114,217,1170,279
T_P_Trabajando_Verdes_7.jpg,1920,1080,hand,1236,257,1310,312
T_P_Mostrando_Verdes_77.jpg,1920,1080,hand,991,215,1063,267
T_P_Mostrando_Verdes_77.jpg,1920,1080,hand,1430,255,1484,296
T_P_Mostrando_Manos_19.jpg,1920,1080,hand,1607,189,1652,229
T_P_Trabajando_Manos_15.jpg,1920,1080,hand,1446,216,1512,271
T_P_Trabajando_Manos_123.jpg,1920,1080,hand,1058,221,1120,260
T_P_Trabajando_Amarillos_17.jpg,1920,1080,hand,1255,242,1313,293
T_P_Trabajando_Verdes_14.jpg,1920,1080,hand,1054,244,1116,295
T_P_Trabajando_Verdes_14.jpg,1920,1080,hand,1128,259,1200,305
T_P_Trabajando_Mano-Amarillo_8.jpg,1920,1080,hand,1318,259,1393,310
T_P_Trabajando_Verdes_92.jpg,1920,1080,hand,1342,261,1403,308
T_P_Trabajando_Verdes_92.jpg,1920,1080,hand,1215,208,1272,256
T_P_Trabajando_Manos_40.jpg,1920,1080,hand,1143,244,1194,281
T_P_Trabajando_Manos_40.jpg,1920,1080,hand,1215,255,1267,301
T_P_Trabajando_Manos_143.jpg,1920,1080,hand,1304,256,1372,321
T_P_Mostrando_Verdes_67.jpg,1920,1080,hand,1052,269,1112,310
T_P_Mostrando_Verdes_67.jpg,1920,1080,hand,1368,275,1431,321
T_P_Mostrando_Manos_88.jpg,1920,1080,hand,1044,279,1122,313
T_P_Mostrando_Manos_88.jpg,1920,1080,hand,1335,293,1435,336
T_P_Mostrando_Manos_4.jpg,1920,1080,hand,1753,422,1812,512
T_P_Mostrando_Manos_4.jpg,1920,1080,hand,1450,295,1508,365
T_P_Trabajando_Manos_36.jpg,1920,1080,hand,1203,221,1246,256
T_P_Mostrando_Manos_65.jpg,1920,1080,hand,1022,19,1074,72
T_P_Mostrando_Manos_65.jpg,1920,1080,hand,1100,196,1146,241
T_P_Trabajando_Manos_154.jpg,1920,1080,hand,1115,245,1147,279
T_P_Trabajando_Manos_154.jpg,1920,1080,hand,1239,247,1288,285
T_P_Mostrando_Mano-Verde_40.jpg,1920,1080,hand,1499,31,1560,98
T_P_Mostrando_Manos_51.jpg,1920,1080,hand,955,183,995,224
T_P_Mostrando_Manos_51.jpg,1920,1080,hand,1034,180,1080,221
T_P_Trabajando_Verdes_64.jpg,1920,1080,hand,1305,264,1352,306
T_P_Trabajando_Verdes_64.jpg,1920,1080,hand,1092,235,1139,269
T_P_Mostrando_Mano-Verde_6.jpg,1920,1080,hand,1004,79,1078,155
T_P_Mostrando_Mano-Verde_6.jpg,1920,1080,hand,1102,89,1162,147
T_P_Mostrando_Manos_3.jpg,1920,1080,hand,1756,418,1812,509
T_P_Trabajando_Manos_120.jpg,1920,1080,hand,1132,266,1195,311
T_P_Trabajando_Manos_120.jpg,1920,1080,hand,1223,233,1279,280
T_P_Mostrando_Amarillos_62.jpg,1920,1080,hand,1405,12,1470,92
T_P_Mostrando_Amarillos_62.jpg,1920,1080,hand,1214,0,1291,59
T_P_Trabajando_Amarillos_36.jpg,1920,1080,hand,1187,221,1268,263
T_P_Trabajando_Amarillos_36.jpg,1920,1080,hand,1242,252,1299,285
T_P_Trabajando_Amarillos_83.jpg,1920,1080,hand,1209,241,1281,293
T_P_Trabajando_Manos_163.jpg,1920,1080,hand,1271,225,1336,304
T_P_Trabajando_Manos_163.jpg,1920,1080,hand,1130,224,1183,305
T_P_Trabajando_Manos_32.jpg,1920,1080,hand,1152,238,1188,272
T_P_Trabajando_Manos_32.jpg,1920,1080,hand,1228,242,1268,284
T_P_Trabajando_Verdes_1.jpg,1920,1080,hand,1201,230,1267,282
T_P_Mostrando_Manos_2.jpg,1920,1080,hand,1787,445,1862,550
T_P_Mostrando_Manos_2.jpg,1920,1080,hand,1367,526,1452,660
T_P_Mostrando_Verdes_31.jpg,1920,1080,hand,1072,236,1122,281
T_P_Mostrando_Verdes_31.jpg,1920,1080,hand,1354,253,1402,292
T_P_Trabajando_Verdes_143.jpg,1920,1080,hand,1246,255,1297,317
T_P_Trabajando_Verdes_143.jpg,1920,1080,hand,1154,231,1214,298
T_P_Trabajando_Manos_179.jpg,1920,1080,hand,1155,211,1210,274
T_P_Trabajando_Manos_76.jpg,1920,1080,hand,1238,229,1291,267
T_P_Mostrando_Manos_38.jpg,1920,1080,hand,1381,173,1449,239
T_P_Mostrando_Manos_38.jpg,1920,1080,hand,1574,208,1619,263
T_P_Mostrando_Verdes_73.jpg,1920,1080,hand,1099,264,1144,312
T_P_Mostrando_Verdes_73.jpg,1920,1080,hand,1350,280,1400,317
T_P_Trabajando_Amarillos_71.jpg,1920,1080,hand,1246,245,1308,296
T_P_Trabajando_Amarillos_71.jpg,1920,1080,hand,1117,208,1185,263
T_P_Trabajando_Amarillos_35.jpg,1920,1080,hand,1258,232,1311,288
T_P_Trabajando_Amarillos_35.jpg,1920,1080,hand,1203,248,1258,291
T_P_Trabajando_Mano-Amarillo_59.jpg,1920,1080,hand,1151,205,1215,243
T_P_Trabajando_Mano-Amarillo_59.jpg,1920,1080,hand,1201,212,1257,261
T_P_Trabajando_Amarillos_45.jpg,1920,1080,hand,1239,200,1284,251
T_P_Trabajando_Manos_62.jpg,1920,1080,hand,1352,259,1403,303
T_P_Trabajando_Manos_164.jpg,1920,1080,hand,1129,223,1182,302
T_P_Trabajando_Manos_164.jpg,1920,1080,hand,1269,231,1332,301
T_P_Trabajando_Mano-Amarillo_37.jpg,1920,1080,hand,1145,223,1209,288
T_P_Trabajando_Mano-Amarillo_37.jpg,1920,1080,hand,1220,197,1264,253
T_P_Mostrando_Amarillos_65.jpg,1920,1080,hand,1591,199,1648,274
T_P_Mostrando_Amarillos_65.jpg,1920,1080,hand,1490,217,1549,284
T_P_Trabajando_Manos_127.jpg,1920,1080,hand,1125,243,1173,298
T_P_Trabajando_Manos_127.jpg,1920,1080,hand,1058,227,1103,264
T_P_Trabajando_Manos_104.jpg,1920,1080,hand,1190,240,1234,276
T_P_Trabajando_Manos_104.jpg,1920,1080,hand,1139,247,1176,279
T_P_Trabajando_Mano-Amarillo_56.jpg,1920,1080,hand,1164,196,1216,240
T_P_Trabajando_Mano-Amarillo_56.jpg,1920,1080,hand,1202,221,1251,261
T_P_Mostrando_Manos_75.jpg,1920,1080,hand,1067,256,1123,295
T_P_Mostrando_Manos_75.jpg,1920,1080,hand,1305,267,1365,308
T_P_Mostrando_Mano-Amarillo_5.jpg,1920,1080,hand,1120,1,1167,43
T_P_Trabajando_Mano-Amarillo_4.jpg,1920,1080,hand,1215,233,1271,269
T_P_Mostrando_Manos_110.jpg,1920,1080,hand,1063,257,1142,301
T_P_Mostrando_Manos_110.jpg,1920,1080,hand,1331,268,1406,313
T_P_Mostrando_Verdes_4.jpg,1920,1080,hand,1249,265,1307,312
T_P_Mostrando_Verdes_4.jpg,1920,1080,hand,1178,267,1234,316
T_P_Trabajando_Verdes_114.jpg,1920,1080,hand,1133,148,1192,200
T_P_Trabajando_Verdes_114.jpg,1920,1080,hand,1259,161,1327,224
T_P_Mostrando_Manos_106.jpg,1920,1080,hand,1335,204,1381,249
T_P_Mostrando_Manos_106.jpg,1920,1080,hand,1094,185,1135,225
T_P_Mostrando_Verdes_61.jpg,1920,1080,hand,1139,245,1194,293
T_P_Mostrando_Verdes_61.jpg,1920,1080,hand,1273,247,1319,300
T_P_Trabajando_Amarillos_31.jpg,1920,1080,hand,1215,226,1271,283
T_P_Mostrando_Manos_69.jpg,1920,1080,hand,1164,200,1210,245
T_P_Trabajando_Verdes_79.jpg,1920,1080,hand,1192,214,1240,266
T_P_Trabajando_Verdes_79.jpg,1920,1080,hand,1312,236,1361,297
T_P_Mostrando_Mano-Amarillo_2.jpg,1920,1080,hand,1125,179,1192,242
T_P_Mostrando_Mano-Amarillo_2.jpg,1920,1080,hand,961,177,1011,237
T_P_Mostrando_Amarillos_35.jpg,1920,1080,hand,1301,258,1342,309
T_P_Mostrando_Amarillos_35.jpg,1920,1080,hand,1131,246,1174,301
T_P_Mostrando_Manos_117.jpg,1920,1080,hand,1167,269,1222,311
T_P_Mostrando_Manos_117.jpg,1920,1080,hand,1258,267,1318,310
T_P_Mostrando_Manos_74.jpg,1920,1080,hand,1296,256,1381,304
T_P_Mostrando_Manos_74.jpg,1920,1080,hand,1052,250,1133,300
T_P_Mostrando_Mano-Verde_39.jpg,1920,1080,hand,1463,49,1519,99
T_P_Mostrando_Mano-Verde_33.jpg,1920,1080,hand,1014,147,1085,203
T_P_Mostrando_Mano-Verde_33.jpg,1920,1080,hand,1290,141,1350,191
T_P_Trabajando_Verdes_87.jpg,1920,1080,hand,1322,247,1374,294
T_P_Mostrando_Manos_24.jpg,1920,1080,hand,1578,261,1634,333
T_P_Mostrando_Manos_24.jpg,1920,1080,hand,1450,263,1496,309
T_P_Trabajando_Amarillos_33.jpg,1920,1080,hand,1204,232,1266,275
T_P_Trabajando_Amarillos_33.jpg,1920,1080,hand,1280,213,1323,265
T_P_Trabajando_Verdes_131.jpg,1920,1080,hand,1155,215,1212,276
T_P_Trabajando_Verdes_131.jpg,1920,1080,hand,1242,215,1282,265
T_P_Trabajando_Manos_141.jpg,1920,1080,hand,1218,253,1274,313
T_P_Trabajando_Manos_141.jpg,1920,1080,hand,1294,247,1343,296
T_P_Trabajando_Manos_133.jpg,1920,1080,hand,1119,220,1183,271
T_P_Trabajando_Amarillos_23.jpg,1920,1080,hand,1225,221,1304,284
T_P_Trabajando_Amarillos_23.jpg,1920,1080,hand,1327,233,1379,280
T_P_Mostrando_Manos_62.jpg,1920,1080,hand,947,236,990,281
T_P_Mostrando_Manos_62.jpg,1920,1080,hand,1011,232,1059,273
T_P_Trabajando_Manos_73.jpg,1920,1080,hand,1198,225,1242,265
T_P_Trabajando_Manos_73.jpg,1920,1080,hand,1247,225,1296,273
T_P_Mostrando_Amarillos_33.jpg,1920,1080,hand,1086,261,1138,304
T_P_Mostrando_Amarillos_33.jpg,1920,1080,hand,1324,269,1387,313
T_P_Trabajando_Verdes_49.jpg,1920,1080,hand,1168,224,1213,265
T_P_Trabajando_Manos_18.jpg,1920,1080,hand,1386,191,1449,247
T_P_Trabajando_Manos_18.jpg,1920,1080,hand,1179,131,1234,165
T_P_Mostrando_Manos_63.jpg,1920,1080,hand,1048,185,1103,237
T_P_Mostrando_Manos_63.jpg,1920,1080,hand,974,88,1027,144
T_P_Mostrando_Mano-Amarillo_4.jpg,1920,1080,hand,1136,35,1208,100
T_P_Mostrando_Manos_1.jpg,1920,1080,hand,1786,455,1863,565
T_P_Mostrando_Manos_1.jpg,1920,1080,hand,1374,533,1465,668
T_P_Trabajando_Manos_35.jpg,1920,1080,hand,1228,234,1275,276
T_P_Trabajando_Manos_169.jpg,1920,1080,hand,1131,228,1188,308
T_P_Mostrando_Amarillos_25.jpg,1920,1080,hand,1122,281,1192,327
T_P_Mostrando_Amarillos_25.jpg,1920,1080,hand,1286,280,1360,335
T_P_Trabajando_Manos_161.jpg,1920,1080,hand,1282,213,1336,298
T_P_Trabajando_Manos_161.jpg,1920,1080,hand,1130,224,1178,303
T_P_Trabajando_Mano-Amarillo_18.jpg,1920,1080,hand,1289,247,1353,308
T_P_Mostrando_Amarillos_24.jpg,1920,1080,hand,1240,280,1285,318
T_P_Mostrando_Amarillos_24.jpg,1920,1080,hand,1182,278,1229,313
T_P_Mostrando_Manos_47.jpg,1920,1080,hand,1074,1,1118,36
T_P_Trabajando_Manos_158.jpg,1920,1080,hand,1274,220,1330,276
T_P_Trabajando_Manos_158.jpg,1920,1080,hand,1116,248,1162,288
T_P_Trabajando_Amarillos_19.jpg,1920,1080,hand,1299,233,1347,304
T_P_Trabajando_Amarillos_19.jpg,1920,1080,hand,1062,217,1115,260
T_P_Mostrando_Amarillos_66.jpg,1920,1080,hand,1581,223,1649,300
T_P_Mostrando_Amarillos_66.jpg,1920,1080,hand,1499,221,1558,294
T_P_Mostrando_Verdes_17.jpg,1920,1080,hand,1063,233,1111,275
T_P_Mostrando_Verdes_17.jpg,1920,1080,hand,1362,259,1414,295
T_P_Mostrando_Mano-Verde_0.jpg,1920,1080,hand,1294,160,1362,215
T_P_Mostrando_Amarillos_53.jpg,1920,1080,hand,1041,44,1110,119
T_P_Mostrando_Amarillos_53.jpg,1920,1080,hand,1361,95,1446,152
T_P_Trabajando_Verdes_31.jpg,1920,1080,hand,1162,218,1218,273
T_P_Trabajando_Verdes_31.jpg,1920,1080,hand,1338,240,1406,289
T_P_Trabajando_Manos_95.jpg,1920,1080,hand,1202,202,1257,237
T_P_Trabajando_Manos_95.jpg,1920,1080,hand,1273,139,1327,181
T_P_Trabajando_Manos_39.jpg,1920,1080,hand,1141,241,1182,284
T_P_Mostrando_Verdes_69.jpg,1920,1080,hand,1078,269,1128,311
T_P_Mostrando_Verdes_69.jpg,1920,1080,hand,1362,278,1437,326
T_P_Mostrando_Mano-Verde_2.jpg,1920,1080,hand,1280,103,1347,172
T_P_Mostrando_Mano-Verde_2.jpg,1920,1080,hand,949,108,1015,170
T_P_Trabajando_Manos_77.jpg,1920,1080,hand,1222,219,1267,252
T_P_Trabajando_Verdes_164.jpg,1920,1080,hand,1286,195,1337,260
T_P_Trabajando_Verdes_164.jpg,1920,1080,hand,1235,219,1282,257
T_P_Trabajando_Verdes_22.jpg,1920,1080,hand,1295,228,1354,289
T_P_Trabajando_Manos_180.jpg,1920,1080,hand,1200,213,1259,272
T_P_Mostrando_Manos_121.jpg,1920,1080,hand,1299,248,1358,296
T_P_Mostrando_Manos_121.jpg,1920,1080,hand,1086,238,1163,288
T_P_Trabajando_Verdes_65.jpg,1920,1080,hand,1124,220,1196,274
T_P_Trabajando_Verdes_65.jpg,1920,1080,hand,1324,216,1382,282
T_P_Trabajando_Verdes_104.jpg,1920,1080,hand,1065,197,1128,257
T_P_Trabajando_Verdes_104.jpg,1920,1080,hand,1374,210,1430,271
T_P_Mostrando_Verdes_102.jpg,1920,1080,hand,1660,53,1716,112
T_P_Mostrando_Verdes_102.jpg,1920,1080,hand,1499,11,1552,68
T_P_Trabajando_Verdes_127.jpg,1920,1080,hand,1160,226,1214,277
T_P_Trabajando_Verdes_127.jpg,1920,1080,hand,1244,228,1297,284
T_P_Trabajando_Verdes_133.jpg,1920,1080,hand,1158,212,1205,267
T_P_Mostrando_Amarillos_37.jpg,1920,1080,hand,1346,265,1419,309
T_P_Mostrando_Amarillos_37.jpg,1920,1080,hand,1066,240,1123,285
T_P_Mostrando_Manos_16.jpg,1920,1080,hand,1563,4,1615,83
T_P_Trabajando_Manos_27.jpg,1920,1080,hand,1136,241,1200,284
T_P_Trabajando_Mano-Amarillo_27.jpg,1920,1080,hand,1284,229,1351,305
T_P_Trabajando_Manos_174.jpg,1920,1080,hand,1268,213,1316,286
T_P_Trabajando_Manos_174.jpg,1920,1080,hand,1133,256,1194,313
T_P_Mostrando_Amarillos_69.jpg,1920,1080,hand,1440,225,1512,293
T_P_Mostrando_Amarillos_69.jpg,1920,1080,hand,1614,220,1686,292
T_P_Trabajando_Verdes_13.jpg,1920,1080,hand,1044,248,1112,301
T_P_Trabajando_Verdes_13.jpg,1920,1080,hand,1139,252,1214,305
T_P_Mostrando_Amarillos_4.jpg,1920,1080,hand,1239,254,1286,294
T_P_Mostrando_Amarillos_4.jpg,1920,1080,hand,1176,245,1220,289
T_P_Mostrando_Verdes_47.jpg,1920,1080,hand,1172,246,1227,299
T_P_Mostrando_Verdes_47.jpg,1920,1080,hand,1240,244,1299,304
T_P_Mostrando_Amarillos_31.jpg,1920,1080,hand,1336,273,1410,316
T_P_Mostrando_Amarillos_31.jpg,1920,1080,hand,1081,263,1138,302
T_P_Mostrando_Amarillos_32.jpg,1920,1080,hand,1336,272,1406,316
T_P_Mostrando_Amarillos_32.jpg,1920,1080,hand,1080,260,1144,303
T_P_Trabajando_Manos_75.jpg,1920,1080,hand,1190,233,1235,268
T_P_Trabajando_Manos_75.jpg,1920,1080,hand,1241,232,1290,274
T_P_Trabajando_Verdes_91.jpg,1920,1080,hand,1269,213,1332,265
T_P_Trabajando_Verdes_91.jpg,1920,1080,hand,1343,261,1396,304
T_P_Trabajando_Verdes_78.jpg,1920,1080,hand,1292,217,1339,259
T_P_Trabajando_Verdes_130.jpg,1920,1080,hand,1153,233,1211,296
T_P_Trabajando_Manos_49.jpg,1920,1080,hand,1160,201,1210,243
T_P_Trabajando_Manos_49.jpg,1920,1080,hand,1252,251,1299,291
T_P_Mostrando_Verdes_70.jpg,1920,1080,hand,1087,269,1130,315
T_P_Mostrando_Verdes_70.jpg,1920,1080,hand,1359,277,1410,316
T_P_Trabajando_Manos_128.jpg,1920,1080,hand,1122,248,1163,300
T_P_Trabajando_Manos_68.jpg,1920,1080,hand,1278,247,1327,291
T_P_Trabajando_Manos_159.jpg,1920,1080,hand,1124,225,1181,300
T_P_Trabajando_Amarillos_12.jpg,1920,1080,hand,1219,254,1279,302
T_P_Trabajando_Amarillos_12.jpg,1920,1080,hand,1148,229,1197,276
T_P_Mostrando_Verdes_45.jpg,1920,1080,hand,1180,265,1230,313
T_P_Mostrando_Verdes_45.jpg,1920,1080,hand,1231,271,1291,317
T_P_Trabajando_Mano-Amarillo_3.jpg,1920,1080,hand,1219,224,1283,268
T_P_Trabajando_Mano-Amarillo_3.jpg,1920,1080,hand,1300,257,1339,285
T_P_Trabajando_Verdes_33.jpg,1920,1080,hand,1202,213,1262,267
T_P_Trabajando_Manos_160.jpg,1920,1080,hand,1127,224,1180,296
T_P_Mostrando_Manos_25.jpg,1920,1080,hand,1580,266,1636,338
T_P_Mostrando_Manos_25.jpg,1920,1080,hand,1452,268,1500,339
T_P_Mostrando_Verdes_49.jpg,1920,1080,hand,1182,249,1232,288
T_P_Mostrando_Verdes_49.jpg,1920,1080,hand,1246,245,1299,293
T_P_Trabajando_Manos_67.jpg,1920,1080,hand,1192,251,1240,291
T_P_Mostrando_Amarillos_41.jpg,1920,1080,hand,1338,246,1406,291
T_P_Mostrando_Amarillos_41.jpg,1920,1080,hand,1064,233,1107,271
T_P_Trabajando_Verdes_95.jpg,1920,1080,hand,1159,215,1207,264
T_P_Mostrando_Verdes_43.jpg,1920,1080,hand,1189,270,1230,307
T_P_Mostrando_Verdes_43.jpg,1920,1080,hand,1234,273,1288,317
T_P_Trabajando_Verdes_47.jpg,1920,1080,hand,1174,202,1230,257
T_P_Trabajando_Verdes_151.jpg,1920,1080,hand,1255,213,1312,271
T_P_Trabajando_Verdes_107.jpg,1920,1080,hand,1130,192,1201,269
T_P_Trabajando_Verdes_107.jpg,1920,1080,hand,1342,206,1412,251
T_P_Mostrando_Verdes_40.jpg,1920,1080,hand,1159,279,1215,319
T_P_Mostrando_Verdes_40.jpg,1920,1080,hand,1251,279,1308,323
T_P_Trabajando_Mano-Verde_30.jpg,1920,1080,hand,1191,261,1275,312
T_P_Trabajando_Mano-Verde_30.jpg,1920,1080,hand,1286,215,1339,259
T_P_Trabajando_Amarillos_42.jpg,1920,1080,hand,1251,237,1307,284
T_P_Trabajando_Amarillos_42.jpg,1920,1080,hand,1195,223,1248,265
T_P_Mostrando_Verdes_66.jpg,1920,1080,hand,1049,261,1107,307
T_P_Mostrando_Verdes_66.jpg,1920,1080,hand,1370,275,1436,319
T_P_Trabajando_Verdes_162.jpg,1920,1080,hand,1239,202,1297,253
T_P_Trabajando_Manos_113.jpg,1920,1080,hand,1140,221,1191,265
T_P_Trabajando_Manos_113.jpg,1920,1080,hand,1232,245,1283,284
T_P_Trabajando_Verdes_48.jpg,1920,1080,hand,1169,221,1219,260
T_P_Mostrando_Mano-Amarillo_12.jpg,1920,1080,hand,1011,62,1085,129
T_P_Mostrando_Mano-Amarillo_12.jpg,1920,1080,hand,1231,45,1298,116
T_P_Trabajando_Manos_81.jpg,1920,1080,hand,1197,232,1242,275
T_P_Trabajando_Manos_81.jpg,1920,1080,hand,1338,248,1390,285
T_P_Trabajando_Verdes_166.jpg,1920,1080,hand,1295,215,1344,261
T_P_Trabajando_Verdes_166.jpg,1920,1080,hand,1228,215,1287,257
T_P_Trabajando_Manos_142.jpg,1920,1080,hand,1255,250,1328,331
T_P_Mostrando_Manos_92.jpg,1920,1080,hand,1084,261,1122,301
T_P_Mostrando_Manos_92.jpg,1920,1080,hand,1338,272,1380,315
T_P_Trabajando_Manos_124.jpg,1920,1080,hand,1050,227,1103,265
T_P_Trabajando_Manos_124.jpg,1920,1080,hand,1134,245,1179,283
T_P_Mostrando_Manos_44.jpg,1920,1080,hand,1219,51,1283,110
T_P_Mostrando_Manos_44.jpg,1920,1080,hand,1410,1,1462,53
T_P_Trabajando_Manos_111.jpg,1920,1080,hand,1063,188,1122,240
T_P_Trabajando_Manos_171.jpg,1920,1080,hand,1130,251,1192,310
T_P_Trabajando_Manos_171.jpg,1920,1080,hand,1264,216,1316,290
T_P_Mostrando_Mano-Verde_8.jpg,1920,1080,hand,1070,132,1135,193
T_P_Mostrando_Mano-Verde_8.jpg,1920,1080,hand,987,124,1039,181
T_P_Trabajando_Mano-Amarillo_1.jpg,1920,1080,hand,1333,251,1399,294
T_P_Trabajando_Manos_63.jpg,1920,1080,hand,1330,259,1387,300
T_P_Trabajando_Manos_63.jpg,1920,1080,hand,1227,267,1275,311
T_P_Mostrando_Verdes_75.jpg,1920,1080,hand,1031,249,1103,288
T_P_Mostrando_Verdes_75.jpg,1920,1080,hand,1375,256,1439,295
T_P_Trabajando_Verdes_156.jpg,1920,1080,hand,1203,199,1259,249
T_P_Mostrando_Verdes_103.jpg,1920,1080,hand,1622,134,1698,185
T_P_Trabajando_Manos_181.jpg,1920,1080,hand,1204,217,1267,281
T_P_Trabajando_Amarillos_27.jpg,1920,1080,hand,1287,242,1348,305
T_P_Trabajando_Amarillos_27.jpg,1920,1080,hand,1368,252,1418,293
T_P_Trabajando_Verdes_25.jpg,1920,1080,hand,1252,217,1295,263
T_P_Trabajando_Manos_34.jpg,1920,1080,hand,1164,238,1193,269
T_P_Trabajando_Manos_34.jpg,1920,1080,hand,1236,244,1280,281
T_P_Mostrando_Amarillos_43.jpg,1920,1080,hand,1127,221,1172,274
T_P_Mostrando_Amarillos_43.jpg,1920,1080,hand,1294,234,1348,288
T_P_Mostrando_Verdes_94.jpg,1920,1080,hand,1443,61,1515,107
T_P_Mostrando_Verdes_94.jpg,1920,1080,hand,1296,9,1380,84
T_P_Trabajando_Manos_83.jpg,1920,1080,hand,1234,243,1272,281
T_P_Trabajando_Manos_37.jpg,1920,1080,hand,1084,206,1124,245
T_P_Trabajando_Manos_37.jpg,1920,1080,hand,1139,227,1187,271
T_P_Mostrando_Amarillos_1.jpg,1920,1080,hand,1168,225,1218,278
T_P_Mostrando_Amarillos_1.jpg,1920,1080,hand,1269,229,1318,284
T_P_Mostrando_Mano-Verde_37.jpg,1920,1080,hand,1172,39,1237,119
T_P_Mostrando_Mano-Verde_37.jpg,1920,1080,hand,1394,88,1446,131
T_P_Trabajando_Mano-Amarillo_24.jpg,1920,1080,hand,1328,222,1379,293
T_P_Trabajando_Mano-Amarillo_24.jpg,1920,1080,hand,1259,210,1310,270
T_P_Trabajando_Verdes_69.jpg,1920,1080,hand,1245,237,1293,278
T_P_Trabajando_Verdes_69.jpg,1920,1080,hand,1311,240,1354,285
T_P_Trabajando_Mano-Verde_24.jpg,1920,1080,hand,1192,265,1264,312
T_P_Trabajando_Mano-Verde_24.jpg,1920,1080,hand,1295,204,1343,243
T_P_Trabajando_Verdes_84.jpg,1920,1080,hand,1199,220,1244,271
T_P_Trabajando_Verdes_84.jpg,1920,1080,hand,1311,259,1370,297
T_P_Trabajando_Manos_87.jpg,1920,1080,hand,1242,244,1283,287
T_P_Trabajando_Manos_87.jpg,1920,1080,hand,1160,237,1210,276
T_P_Mostrando_Manos_103.jpg,1920,1080,hand,1331,201,1389,252
T_P_Mostrando_Manos_103.jpg,1920,1080,hand,1093,180,1135,221
T_P_Mostrando_Amarillos_29.jpg,1920,1080,hand,1348,280,1411,323
T_P_Mostrando_Amarillos_29.jpg,1920,1080,hand,1056,265,1110,308
T_P_Mostrando_Mano-Verde_13.jpg,1920,1080,hand,1046,216,1107,276
T_P_Mostrando_Mano-Verde_13.jpg,1920,1080,hand,1115,225,1164,279
T_P_Mostrando_Amarillos_63.jpg,1920,1080,hand,1578,1,1640,47
T_P_Mostrando_Mano-Verde_28.jpg,1920,1080,hand,1130,224,1180,277
T_P_Mostrando_Mano-Verde_28.jpg,1920,1080,hand,1063,196,1119,267
T_P_Trabajando_Verdes_40.jpg,1920,1080,hand,1164,196,1203,272
T_P_Trabajando_Mano-Amarillo_40.jpg,1920,1080,hand,1151,221,1195,280
T_P_Trabajando_Mano-Amarillo_40.jpg,1920,1080,hand,1202,203,1254,251
T_P_Trabajando_Verdes_76.jpg,1920,1080,hand,1272,197,1334,243
T_P_Trabajando_Mano-Verde_6.jpg,1920,1080,hand,1204,205,1258,253
T_P_Trabajando_Mano-Amarillo_29.jpg,1920,1080,hand,1289,235,1349,309
T_P_Trabajando_Verdes_112.jpg,1920,1080,hand,1155,143,1202,201
T_P_Trabajando_Verdes_112.jpg,1920,1080,hand,1280,141,1318,212
T_P_Trabajando_Manos_46.jpg,1920,1080,hand,1184,237,1235,284
T_P_Trabajando_Manos_46.jpg,1920,1080,hand,1252,251,1291,288
T_P_Mostrando_Mano-Verde_19.jpg,1920,1080,hand,1131,246,1196,298
T_P_Mostrando_Mano-Verde_19.jpg,1920,1080,hand,1051,257,1118,305
T_P_Trabajando_Manos_31.jpg,1920,1080,hand,1147,235,1184,271
T_P_Trabajando_Manos_31.jpg,1920,1080,hand,1227,245,1267,288
T_P_Trabajando_Verdes_0.jpg,1920,1080,hand,1179,218,1262,281
T_P_Trabajando_Manos_168.jpg,1920,1080,hand,1130,224,1186,306
T_P_Mostrando_Verdes_60.jpg,1920,1080,hand,1166,251,1215,309
T_P_Mostrando_Verdes_60.jpg,1920,1080,hand,1240,259,1304,313
T_P_Trabajando_Manos_17.jpg,1920,1080,hand,1384,191,1446,246
T_P_Trabajando_Manos_17.jpg,1920,1080,hand,1188,132,1248,168
T_P_Trabajando_Manos_92.jpg,1920,1080,hand,1290,265,1356,326
T_P_Trabajando_Manos_92.jpg,1920,1080,hand,1380,237,1432,285
T_P_Trabajando_Verdes_113.jpg,1920,1080,hand,1158,140,1208,216
T_P_Trabajando_Verdes_113.jpg,1920,1080,hand,1260,145,1314,204
T_P_Mostrando_Amarillos_0.jpg,1920,1080,hand,1260,239,1315,287
T_P_Mostrando_Amarillos_0.jpg,1920,1080,hand,1176,238,1229,290
T_P_Trabajando_Verdes_15.jpg,1920,1080,hand,1032,247,1094,287
T_P_Trabajando_Verdes_15.jpg,1920,1080,hand,1106,256,1180,304
T_P_Mostrando_Manos_107.jpg,1920,1080,hand,1084,175,1140,233
T_P_Mostrando_Manos_107.jpg,1920,1080,hand,1328,199,1398,263
T_P_Trabajando_Verdes_147.jpg,1920,1080,hand,1342,247,1398,307
T_P_Trabajando_Verdes_147.jpg,1920,1080,hand,1240,248,1296,296
T_P_Mostrando_Manos_42.jpg,1920,1080,hand,1282,13,1343,65
T_P_Mostrando_Manos_42.jpg,1920,1080,hand,1475,6,1525,63
T_P_Trabajando_Verdes_67.jpg,1920,1080,hand,1301,252,1345,298
T_P_Trabajando_Verdes_67.jpg,1920,1080,hand,1222,237,1271,281
T_P_Trabajando_Manos_4.jpg,1920,1080,hand,1291,395,1362,504
T_P_Trabajando_Manos_4.jpg,1920,1080,hand,1706,441,1783,537
T_P_Mostrando_Mano-Verde_22.jpg,1920,1080,hand,1157,242,1206,296
T_P_Mostrando_Mano-Verde_22.jpg,1920,1080,hand,1080,256,1115,297
T_P_Trabajando_Mano-Amarillo_45.jpg,1920,1080,hand,1151,240,1220,288
T_P_Trabajando_Mano-Amarillo_45.jpg,1920,1080,hand,1191,204,1243,248
T_P_Trabajando_Manos_7.jpg,1920,1080,hand,1705,351,1765,446
T_P_Trabajando_Manos_7.jpg,1920,1080,hand,1382,291,1440,353
T_P_Trabajando_Manos_54.jpg,1920,1080,hand,1119,247,1175,292
T_P_Mostrando_Manos_49.jpg,1920,1080,hand,952,108,996,151
T_P_Mostrando_Manos_20.jpg,1920,1080,hand,1470,204,1518,243
T_P_Mostrando_Manos_20.jpg,1920,1080,hand,1586,221,1632,253
T_P_Mostrando_Amarillos_70.jpg,1920,1080,hand,1395,211,1470,271
T_P_Mostrando_Amarillos_70.jpg,1920,1080,hand,1631,207,1706,270
T_P_Mostrando_Mano-Verde_34.jpg,1920,1080,hand,1057,127,1124,181
T_P_Mostrando_Mano-Verde_34.jpg,1920,1080,hand,1316,127,1375,171
T_P_Mostrando_Amarillos_2.jpg,1920,1080,hand,1171,235,1220,287
T_P_Mostrando_Amarillos_2.jpg,1920,1080,hand,1237,252,1289,295
T_P_Mostrando_Mano-Verde_23.jpg,1920,1080,hand,1088,253,1131,300
T_P_Mostrando_Mano-Verde_23.jpg,1920,1080,hand,1163,257,1214,309
T_P_Mostrando_Manos_13.jpg,1920,1080,hand,1620,216,1689,276
T_P_Mostrando_Manos_13.jpg,1920,1080,hand,1346,116,1406,157
T_P_Trabajando_Verdes_136.jpg,1920,1080,hand,1183,218,1230,279
T_P_Mostrando_Verdes_55.jpg,1920,1080,hand,1098,268,1161,327
T_P_Mostrando_Verdes_55.jpg,1920,1080,hand,1311,277,1363,323
T_P_Mostrando_Amarillos_55.jpg,1920,1080,hand,1032,43,1094,115
T_P_Mostrando_Amarillos_55.jpg,1920,1080,hand,1359,87,1427,145
T_P_Mostrando_Manos_46.jpg,1920,1080,hand,1172,1,1230,39
T_P_Trabajando_Manos_28.jpg,1920,1080,hand,1136,241,1184,280
T_P_Trabajando_Manos_28.jpg,1920,1080,hand,1214,240,1263,277
T_P_Trabajando_Verdes_73.jpg,1920,1080,hand,1279,204,1335,249
T_P_Trabajando_Amarillos_30.jpg,1920,1080,hand,1212,222,1284,286
T_P_Trabajando_Verdes_45.jpg,1920,1080,hand,1187,191,1236,249
T_P_Trabajando_Mano-Amarillo_57.jpg,1920,1080,hand,1162,196,1211,241
T_P_Trabajando_Mano-Amarillo_57.jpg,1920,1080,hand,1201,215,1253,264
T_P_Mostrando_Manos_29.jpg,1920,1080,hand,1453,289,1504,355
T_P_Mostrando_Manos_29.jpg,1920,1080,hand,1583,301,1624,363
T_P_Trabajando_Amarillos_72.jpg,1920,1080,hand,1146,191,1206,268
T_P_Trabajando_Amarillos_72.jpg,1920,1080,hand,1267,230,1323,285
T_P_Mostrando_Verdes_104.jpg,1920,1080,hand,1574,256,1623,344
T_P_Mostrando_Verdes_104.jpg,1920,1080,hand,1511,279,1563,355
T_P_Mostrando_Mano-Verde_32.jpg,1920,1080,hand,976,151,1054,214
T_P_Mostrando_Mano-Verde_32.jpg,1920,1080,hand,1263,140,1332,192
T_P_Trabajando_Manos_97.jpg,1920,1080,hand,1231,207,1284,239
T_P_Trabajando_Verdes_50.jpg,1920,1080,hand,1170,224,1223,265
T_P_Trabajando_Manos_50.jpg,1920,1080,hand,1132,231,1188,271
T_P_Trabajando_Manos_50.jpg,1920,1080,hand,1262,255,1304,293
T_P_Trabajando_Verdes_23.jpg,1920,1080,hand,1295,235,1351,292
T_P_Mostrando_Amarillos_14.jpg,1920,1080,hand,1137,240,1196,291
T_P_Mostrando_Amarillos_14.jpg,1920,1080,hand,1278,243,1329,296
T_P_Trabajando_Mano-Amarillo_34.jpg,1920,1080,hand,1149,219,1199,290
T_P_Trabajando_Amarillos_54.jpg,1920,1080,hand,1210,228,1250,268
T_P_Trabajando_Manos_173.jpg,1920,1080,hand,1262,213,1314,286
T_P_Trabajando_Manos_173.jpg,1920,1080,hand,1135,258,1194,312
T_P_Mostrando_Verdes_41.jpg,1920,1080,hand,1182,272,1227,313
T_P_Mostrando_Verdes_41.jpg,1920,1080,hand,1244,271,1302,320
T_P_Trabajando_Verdes_109.jpg,1920,1080,hand,1123,201,1198,269
T_P_Trabajando_Verdes_109.jpg,1920,1080,hand,1354,202,1412,253
T_P_Trabajando_Verdes_89.jpg,1920,1080,hand,1329,250,1386,300
T_P_Mostrando_Verdes_1.jpg,1920,1080,hand,1176,248,1242,299
T_P_Mostrando_Verdes_1.jpg,1920,1080,hand,1244,261,1311,300
T_P_Trabajando_Mano-Amarillo_41.jpg,1920,1080,hand,1147,226,1214,282
T_P_Trabajando_Mano-Amarillo_41.jpg,1920,1080,hand,1196,196,1241,240
T_P_Trabajando_Mano-Amarillo_9.jpg,1920,1080,hand,1305,253,1370,314
T_P_Mostrando_Manos_53.jpg,1920,1080,hand,951,195,995,239
T_P_Mostrando_Manos_53.jpg,1920,1080,hand,1027,188,1078,231
T_P_Trabajando_Amarillos_11.jpg,1920,1080,hand,1235,251,1298,318
T_P_Trabajando_Amarillos_11.jpg,1920,1080,hand,1131,248,1198,317
T_P_Trabajando_Mano-Verde_19.jpg,1920,1080,hand,1275,256,1328,303
T_P_Trabajando_Mano-Verde_19.jpg,1920,1080,hand,1367,249,1414,293
T_P_Trabajando_Manos_71.jpg,1920,1080,hand,1223,165,1277,214
T_P_Trabajando_Manos_71.jpg,1920,1080,hand,1315,241,1364,283
T_P_Trabajando_Manos_99.jpg,1920,1080,hand,1142,240,1183,281
T_P_Trabajando_Manos_99.jpg,1920,1080,hand,1236,237,1304,280
T_P_Mostrando_Amarillos_71.jpg,1920,1080,hand,1351,152,1430,214
T_P_Mostrando_Amarillos_71.jpg,1920,1080,hand,1651,181,1724,219
T_P_Trabajando_Mano-Amarillo_5.jpg,1920,1080,hand,1241,218,1285,261
T_P_Trabajando_Amarillos_57.jpg,1920,1080,hand,1265,246,1314,293
T_P_Trabajando_Amarillos_57.jpg,1920,1080,hand,1194,252,1247,289
T_P_Mostrando_Manos_78.jpg,1920,1080,hand,1303,253,1360,298
T_P_Mostrando_Manos_78.jpg,1920,1080,hand,1073,227,1134,283
T_P_Mostrando_Manos_59.jpg,1920,1080,hand,943,226,995,285
T_P_Mostrando_Manos_59.jpg,1920,1080,hand,1015,221,1067,275
T_P_Trabajando_Verdes_139.jpg,1920,1080,hand,1103,220,1179,288
T_P_Mostrando_Manos_84.jpg,1920,1080,hand,1172,265,1231,300
T_P_Mostrando_Manos_84.jpg,1920,1080,hand,1227,263,1279,305
T_P_Trabajando_Manos_116.jpg,1920,1080,hand,1134,260,1182,303
T_P_Trabajando_Manos_116.jpg,1920,1080,hand,1226,245,1291,284
T_P_Trabajando_Amarillos_82.jpg,1920,1080,hand,1208,236,1285,292
T_P_Trabajando_Manos_126.jpg,1920,1080,hand,1146,265,1206,317
T_P_Trabajando_Manos_126.jpg,1920,1080,hand,1048,224,1102,268
T_P_Trabajando_Amarillos_44.jpg,1920,1080,hand,1232,213,1295,277
T_P_Trabajando_Mano-Amarillo_35.jpg,1920,1080,hand,1146,231,1198,294
T_P_Trabajando_Verdes_108.jpg,1920,1080,hand,1130,192,1200,270
T_P_Trabajando_Verdes_108.jpg,1920,1080,hand,1348,208,1405,256
T_P_Trabajando_Manos_117.jpg,1920,1080,hand,1141,258,1195,308
T_P_Trabajando_Manos_117.jpg,1920,1080,hand,1223,244,1279,284
T_P_Mostrando_Verdes_63.jpg,1920,1080,hand,1103,234,1154,285
T_P_Mostrando_Verdes_63.jpg,1920,1080,hand,1324,255,1380,305
T_P_Trabajando_Manos_156.jpg,1920,1080,hand,1115,243,1155,284
T_P_Trabajando_Manos_156.jpg,1920,1080,hand,1227,239,1280,289
T_P_Mostrando_Manos_58.jpg,1920,1080,hand,943,215,990,268
T_P_Mostrando_Manos_58.jpg,1920,1080,hand,1035,204,1078,264
T_P_Mostrando_Manos_17.jpg,1920,1080,hand,1627,10,1683,55
T_P_Mostrando_Amarillos_48.jpg,1920,1080,hand,1271,216,1321,277
T_P_Trabajando_Mano-Verde_16.jpg,1920,1080,hand,1260,243,1330,292
T_P_Trabajando_Mano-Verde_16.jpg,1920,1080,hand,1354,236,1406,275
T_P_Mostrando_Manos_72.jpg,1920,1080,hand,1240,214,1303,277
T_P_Mostrando_Manos_72.jpg,1920,1080,hand,1052,234,1117,292
T_P_Mostrando_Verdes_28.jpg,1920,1080,hand,1245,234,1298,300
T_P_Mostrando_Verdes_28.jpg,1920,1080,hand,1166,233,1219,297
T_P_Mostrando_Manos_12.jpg,1920,1080,hand,1614,237,1679,311
T_P_Mostrando_Manos_12.jpg,1920,1080,hand,1362,140,1426,191
T_P_Mostrando_Manos_55.jpg,1920,1080,hand,934,204,983,261
T_P_Mostrando_Manos_55.jpg,1920,1080,hand,1031,201,1080,256
T_P_Trabajando_Verdes_38.jpg,1920,1080,hand,1182,216,1228,261
T_P_Trabajando_Mano-Verde_15.jpg,1920,1080,hand,1247,247,1319,303
T_P_Trabajando_Mano-Verde_15.jpg,1920,1080,hand,1349,252,1406,306
T_P_Mostrando_Amarillos_36.jpg,1920,1080,hand,1116,245,1167,298
T_P_Mostrando_Amarillos_36.jpg,1920,1080,hand,1305,261,1364,304
T_P_Trabajando_Mano-Verde_8.jpg,1920,1080,hand,1195,232,1255,275
T_P_Trabajando_Manos_47.jpg,1920,1080,hand,1255,253,1296,291
T_P_Trabajando_Manos_47.jpg,1920,1080,hand,1187,238,1238,281
T_P_Mostrando_Amarillos_21.jpg,1920,1080,hand,1247,258,1299,296
T_P_Mostrando_Amarillos_21.jpg,1920,1080,hand,1185,258,1235,294
T_P_Trabajando_Manos_152.jpg,1920,1080,hand,1091,225,1162,286
T_P_Trabajando_Manos_152.jpg,1920,1080,hand,1275,224,1327,277
T_P_Mostrando_Verdes_33.jpg,1920,1080,hand,1070,244,1127,289
T_P_Mostrando_Verdes_33.jpg,1920,1080,hand,1347,261,1412,303
T_P_Trabajando_Manos_52.jpg,1920,1080,hand,1130,247,1187,295
T_P_Trabajando_Manos_52.jpg,1920,1080,hand,1248,252,1290,293
T_P_Trabajando_Manos_118.jpg,1920,1080,hand,1136,267,1189,308
T_P_Trabajando_Manos_118.jpg,1920,1080,hand,1227,243,1276,281
T_P_Mostrando_Mano-Verde_11.jpg,1920,1080,hand,1036,203,1094,256
T_P_Mostrando_Mano-Verde_11.jpg,1920,1080,hand,1094,199,1142,245
T_P_Trabajando_Amarillos_25.jpg,1920,1080,hand,1304,237,1378,330
T_P_Trabajando_Amarillos_24.jpg,1920,1080,hand,1291,235,1377,318
T_P_Mostrando_Verdes_86.jpg,1920,1080,hand,1140,137,1188,177
T_P_Mostrando_Verdes_86.jpg,1920,1080,hand,1309,159,1359,208
T_P_Trabajando_Mano-Amarillo_15.jpg,1920,1080,hand,1327,223,1392,278
T_P_Trabajando_Mano-Amarillo_15.jpg,1920,1080,hand,1204,233,1250,271
T_P_Mostrando_Mano-Amarillo_6.jpg,1920,1080,hand,1110,1,1148,51
T_P_Mostrando_Verdes_65.jpg,1920,1080,hand,1060,255,1111,303
T_P_Mostrando_Verdes_65.jpg,1920,1080,hand,1362,269,1422,316
T_P_Trabajando_Manos_72.jpg,1920,1080,hand,1281,228,1351,287
T_P_Trabajando_Verdes_103.jpg,1920,1080,hand,1059,193,1122,253
T_P_Trabajando_Verdes_103.jpg,1920,1080,hand,1381,214,1441,275
T_P_Mostrando_Amarillos_39.jpg,1920,1080,hand,1060,239,1118,286
T_P_Mostrando_Amarillos_39.jpg,1920,1080,hand,1346,266,1428,311
T_P_Trabajando_Verdes_60.jpg,1920,1080,hand,1113,227,1169,286
T_P_Mostrando_Mano-Verde_30.jpg,1920,1080,hand,985,168,1036,239
T_P_Trabajando_Manos_9.jpg,1920,1080,hand,1682,271,1738,363
T_P_Trabajando_Manos_9.jpg,1920,1080,hand,1387,289,1444,352
T_P_Trabajando_Manos_59.jpg,1920,1080,hand,1163,257,1218,288
T_P_Trabajando_Manos_59.jpg,1920,1080,hand,1375,265,1427,301
T_P_Trabajando_Manos_155.jpg,1920,1080,hand,1112,244,1152,281
T_P_Trabajando_Manos_155.jpg,1920,1080,hand,1222,237,1278,286
T_P_Mostrando_Verdes_25.jpg,1920,1080,hand,1104,124,1191,204
T_P_Mostrando_Verdes_25.jpg,1920,1080,hand,1284,131,1352,180
T_P_Mostrando_Manos_123.jpg,1920,1080,hand,1301,230,1351,295
T_P_Mostrando_Manos_123.jpg,1920,1080,hand,1114,229,1165,289
T_P_Mostrando_Manos_73.jpg,1920,1080,hand,1053,247,1123,301
T_P_Mostrando_Manos_73.jpg,1920,1080,hand,1272,229,1338,286
T_P_Trabajando_Verdes_62.jpg,1920,1080,hand,1057,236,1103,283
T_P_Mostrando_Verdes_8.jpg,1920,1080,hand,1171,273,1224,314
T_P_Mostrando_Verdes_8.jpg,1920,1080,hand,1280,271,1327,319
T_P_Trabajando_Verdes_36.jpg,1920,1080,hand,1203,227,1248,265
T_P_Trabajando_Amarillos_58.jpg,1920,1080,hand,1246,257,1307,300
T_P_Trabajando_Amarillos_58.jpg,1920,1080,hand,1190,250,1230,290
T_P_Trabajando_Amarillos_9.jpg,1920,1080,hand,1255,249,1327,323
T_P_Trabajando_Amarillos_9.jpg,1920,1080,hand,1094,223,1149,278
T_P_Mostrando_Mano-Verde_29.jpg,1920,1080,hand,1138,195,1191,253
T_P_Mostrando_Mano-Verde_29.jpg,1920,1080,hand,1020,196,1072,252
T_P_Mostrando_Mano-Amarillo_13.jpg,1920,1080,hand,1034,55,1099,129
T_P_Mostrando_Mano-Amarillo_13.jpg,1920,1080,hand,1236,55,1303,128
T_P_Trabajando_Verdes_98.jpg,1920,1080,hand,1312,232,1362,289
T_P_Mostrando_Manos_7.jpg,1920,1080,hand,1726,304,1780,385
T_P_Mostrando_Manos_7.jpg,1920,1080,hand,1495,306,1549,402
T_P_Trabajando_Mano-Amarillo_12.jpg,1920,1080,hand,1333,247,1374,309
T_P_Trabajando_Mano-Amarillo_12.jpg,1920,1080,hand,1182,248,1236,291
T_P_Mostrando_Verdes_5.jpg,1920,1080,hand,1188,271,1234,311
T_P_Mostrando_Verdes_5.jpg,1920,1080,hand,1258,272,1311,317
T_P_Trabajando_Verdes_126.jpg,1920,1080,hand,1236,222,1287,282
T_P_Trabajando_Verdes_126.jpg,1920,1080,hand,1162,236,1218,287
T_P_Trabajando_Manos_101.jpg,1920,1080,hand,1212,229,1258,267
T_P_Trabajando_Manos_101.jpg,1920,1080,hand,1144,252,1186,285
T_P_Mostrando_Mano-Verde_18.jpg,1920,1080,hand,1130,248,1193,298
T_P_Mostrando_Mano-Verde_18.jpg,1920,1080,hand,1060,260,1116,305
T_P_Trabajando_Manos_55.jpg,1920,1080,hand,1154,240,1196,273
T_P_Trabajando_Manos_55.jpg,1920,1080,hand,1252,254,1296,298
T_P_Trabajando_Mano-Amarillo_55.jpg,1920,1080,hand,1159,193,1214,247
T_P_Trabajando_Mano-Amarillo_55.jpg,1920,1080,hand,1203,218,1253,264
T_P_Trabajando_Verdes_163.jpg,1920,1080,hand,1294,210,1333,251
T_P_Trabajando_Verdes_163.jpg,1920,1080,hand,1238,210,1290,256
T_P_Trabajando_Amarillos_37.jpg,1920,1080,hand,1188,224,1262,263
T_P_Mostrando_Verdes_35.jpg,1920,1080,hand,1049,250,1130,299
T_P_Mostrando_Verdes_35.jpg,1920,1080,hand,1355,268,1420,309
T_P_Mostrando_Verdes_62.jpg,1920,1080,hand,1280,245,1338,299
T_P_Mostrando_Verdes_62.jpg,1920,1080,hand,1140,246,1195,295
T_P_Trabajando_Mano-Verde_22.jpg,1920,1080,hand,1191,261,1262,312
T_P_Trabajando_Mano-Verde_22.jpg,1920,1080,hand,1344,223,1377,265
T_P_Mostrando_Manos_18.jpg,1920,1080,hand,1454,145,1491,179
T_P_Trabajando_Amarillos_67.jpg,1920,1080,hand,1093,177,1169,236
T_P_Trabajando_Amarillos_67.jpg,1920,1080,hand,1245,256,1298,297
T_P_Trabajando_Manos_114.jpg,1920,1080,hand,1141,238,1204,299
T_P_Trabajando_Manos_114.jpg,1920,1080,hand,1228,245,1278,284
T_P_Mostrando_Amarillos_20.jpg,1920,1080,hand,1238,258,1289,296
T_P_Mostrando_Amarillos_20.jpg,1920,1080,hand,1188,256,1237,294
T_P_Mostrando_Amarillos_59.jpg,1920,1080,hand,1138,50,1213,122
T_P_Mostrando_Amarillos_59.jpg,1920,1080,hand,1370,94,1419,169
T_P_Trabajando_Amarillos_74.jpg,1920,1080,hand,1300,226,1347,283
T_P_Trabajando_Manos_130.jpg,1920,1080,hand,1113,236,1169,293
T_P_Trabajando_Mano-Amarillo_6.jpg,1920,1080,hand,1184,244,1235,280
T_P_Trabajando_Mano-Amarillo_6.jpg,1920,1080,hand,1223,209,1276,248
T_P_Trabajando_Amarillos_56.jpg,1920,1080,hand,1232,234,1300,292
T_P_Trabajando_Verdes_77.jpg,1920,1080,hand,1275,205,1320,245
T_P_Trabajando_Verdes_4.jpg,1920,1080,hand,1255,229,1296,285
T_P_Trabajando_Verdes_4.jpg,1920,1080,hand,1070,240,1130,293
T_P_Mostrando_Manos_43.jpg,1920,1080,hand,1231,48,1296,105
T_P_Mostrando_Manos_43.jpg,1920,1080,hand,1435,4,1488,49
T_P_Trabajando_Amarillos_28.jpg,1920,1080,hand,1286,243,1347,307
T_P_Trabajando_Amarillos_28.jpg,1920,1080,hand,1366,239,1424,304
T_P_Trabajando_Amarillos_13.jpg,1920,1080,hand,1209,245,1267,296
T_P_Trabajando_Manos_6.jpg,1920,1080,hand,1707,361,1763,459
T_P_Trabajando_Manos_6.jpg,1920,1080,hand,1379,283,1448,344
T_P_Trabajando_Verdes_100.jpg,1920,1080,hand,1110,198,1162,267
T_P_Trabajando_Verdes_100.jpg,1920,1080,hand,1384,247,1444,299
T_P_Trabajando_Amarillos_26.jpg,1920,1080,hand,1287,246,1362,320
T_P_Trabajando_Verdes_8.jpg,1920,1080,hand,1096,233,1159,279
T_P_Trabajando_Verdes_8.jpg,1920,1080,hand,1254,264,1314,317
T_P_Mostrando_Mano-Verde_20.jpg,1920,1080,hand,1129,248,1198,299
T_P_Mostrando_Mano-Verde_20.jpg,1920,1080,hand,1055,248,1119,305
T_P_Mostrando_Verdes_95.jpg,1920,1080,hand,1467,60,1539,118
T_P_Mostrando_Verdes_95.jpg,1920,1080,hand,1314,16,1391,84
T_P_Mostrando_Mano-Verde_4.jpg,1920,1080,hand,1252,36,1300,89
T_P_Mostrando_Manos_94.jpg,1920,1080,hand,1163,260,1215,303
T_P_Mostrando_Manos_94.jpg,1920,1080,hand,1254,269,1310,311
T_P_Mostrando_Mano-Verde_1.jpg,1920,1080,hand,957,108,1030,167
T_P_Mostrando_Mano-Verde_1.jpg,1920,1080,hand,1291,111,1353,178
T_P_Trabajando_Manos_13.jpg,1920,1080,hand,1316,212,1388,261
T_P_Mostrando_Manos_60.jpg,1920,1080,hand,933,239,992,302
T_P_Mostrando_Manos_60.jpg,1920,1080,hand,1019,239,1069,303
T_P_Trabajando_Amarillos_8.jpg,1920,1080,hand,1204,239,1277,301
T_P_Trabajando_Amarillos_8.jpg,1920,1080,hand,1079,239,1131,280
T_P_Trabajando_Manos_146.jpg,1920,1080,hand,1141,228,1195,267
T_P_Trabajando_Manos_86.jpg,1920,1080,hand,1231,249,1275,291
T_P_Trabajando_Manos_86.jpg,1920,1080,hand,1163,227,1214,270
T_P_Trabajando_Verdes_27.jpg,1920,1080,hand,1171,235,1234,285
T_P_Trabajando_Verdes_27.jpg,1920,1080,hand,1246,240,1296,288
T_P_Mostrando_Verdes_64.jpg,1920,1080,hand,1071,253,1127,300
T_P_Mostrando_Verdes_64.jpg,1920,1080,hand,1354,264,1412,295
T_P_Trabajando_Manos_11.jpg,1920,1080,hand,1609,238,1668,309
T_P_Trabajando_Manos_11.jpg,1920,1080,hand,1336,259,1401,309
T_P_Trabajando_Manos_24.jpg,1920,1080,hand,1142,247,1194,291
T_P_Trabajando_Verdes_11.jpg,1920,1080,hand,1072,245,1140,300
T_P_Trabajando_Verdes_11.jpg,1920,1080,hand,1183,245,1254,299
T_P_Trabajando_Manos_84.jpg,1920,1080,hand,1230,247,1264,285
T_P_Trabajando_Manos_80.jpg,1920,1080,hand,1201,228,1239,269
T_P_Trabajando_Manos_80.jpg,1920,1080,hand,1327,241,1375,284
T_P_Mostrando_Manos_86.jpg,1920,1080,hand,1142,276,1190,319
T_P_Mostrando_Manos_86.jpg,1920,1080,hand,1266,282,1325,317
T_P_Trabajando_Verdes_86.jpg,1920,1080,hand,1327,227,1378,285
T_P_Trabajando_Mano-Verde_28.jpg,1920,1080,hand,1202,258,1275,317
T_P_Trabajando_Mano-Verde_28.jpg,1920,1080,hand,1294,209,1342,253
T_P_Trabajando_Verdes_66.jpg,1920,1080,hand,1152,216,1208,268
T_P_Trabajando_Verdes_66.jpg,1920,1080,hand,1287,255,1340,307
T_P_Trabajando_Manos_66.jpg,1920,1080,hand,1185,251,1238,299
T_P_Trabajando_Manos_66.jpg,1920,1080,hand,1270,264,1328,318
T_P_Mostrando_Mano-Amarillo_1.jpg,1920,1080,hand,1128,186,1184,244
T_P_Mostrando_Mano-Amarillo_1.jpg,1920,1080,hand,953,173,994,237
T_P_Mostrando_Verdes_83.jpg,1920,1080,hand,1109,87,1175,152
T_P_Mostrando_Verdes_83.jpg,1920,1080,hand,1310,106,1371,177
T_P_Trabajando_Amarillos_3.jpg,1920,1080,hand,1154,228,1207,277
T_P_Mostrando_Amarillos_15.jpg,1920,1080,hand,1320,255,1389,302
T_P_Mostrando_Amarillos_15.jpg,1920,1080,hand,1072,247,1136,296
T_P_Trabajando_Mano-Amarillo_7.jpg,1920,1080,hand,1195,217,1252,261
T_P_Trabajando_Mano-Amarillo_7.jpg,1920,1080,hand,1180,245,1231,289
T_P_Mostrando_Mano-Verde_3.jpg,1920,1080,hand,1271,91,1311,131
T_P_Trabajando_Amarillos_4.jpg,1920,1080,hand,1150,209,1206,267
T_P_Mostrando_Verdes_19.jpg,1920,1080,hand,1047,95,1115,172
T_P_Mostrando_Verdes_19.jpg,1920,1080,hand,1375,122,1446,191
T_P_Trabajando_Manos_44.jpg,1920,1080,hand,1264,244,1321,294
T_P_Trabajando_Manos_44.jpg,1920,1080,hand,1187,221,1234,261
T_P_Trabajando_Manos_29.jpg,1920,1080,hand,1126,244,1184,281
T_P_Trabajando_Manos_29.jpg,1920,1080,hand,1211,239,1259,275
T_P_Mostrando_Verdes_84.jpg,1920,1080,hand,1110,94,1174,155
T_P_Mostrando_Verdes_84.jpg,1920,1080,hand,1310,114,1368,159
T_P_Trabajando_Verdes_144.jpg,1920,1080,hand,1247,248,1299,318
T_P_Trabajando_Verdes_144.jpg,1920,1080,hand,1148,244,1200,305
T_P_Trabajando_Manos_25.jpg,1920,1080,hand,1142,249,1196,288
T_P_Trabajando_Mano-Amarillo_16.jpg,1920,1080,hand,1250,206,1304,261
T_P_Trabajando_Mano-Amarillo_16.jpg,1920,1080,hand,1343,226,1398,261
T_P_Trabajando_Verdes_149.jpg,1920,1080,hand,1330,253,1378,304
T_P_Trabajando_Verdes_149.jpg,1920,1080,hand,1262,249,1320,304
T_P_Trabajando_Amarillos_7.jpg,1920,1080,hand,1083,238,1127,279
T_P_Trabajando_Amarillos_7.jpg,1920,1080,hand,1126,241,1198,293
T_P_Trabajando_Manos_30.jpg,1920,1080,hand,1144,232,1186,275
T_P_Trabajando_Manos_30.jpg,1920,1080,hand,1228,243,1271,289
T_P_Trabajando_Verdes_150.jpg,1920,1080,hand,1259,248,1311,301
T_P_Trabajando_Verdes_150.jpg,1920,1080,hand,1331,249,1375,293
T_P_Mostrando_Mano-Verde_26.jpg,1920,1080,hand,1165,246,1236,304
T_P_Mostrando_Mano-Verde_26.jpg,1920,1080,hand,1074,237,1143,302
T_P_Trabajando_Mano-Amarillo_52.jpg,1920,1080,hand,1152,233,1216,279
T_P_Trabajando_Mano-Amarillo_52.jpg,1920,1080,hand,1208,220,1258,260
T_P_Trabajando_Mano-Verde_17.jpg,1920,1080,hand,1296,248,1359,301
T_P_Trabajando_Mano-Verde_17.jpg,1920,1080,hand,1370,248,1424,303
T_P_Trabajando_Manos_94.jpg,1920,1080,hand,1316,155,1362,200
T_P_Trabajando_Manos_94.jpg,1920,1080,hand,1256,239,1303,285
T_P_Trabajando_Verdes_41.jpg,1920,1080,hand,1167,191,1211,266
T_P_Trabajando_Mano-Amarillo_28.jpg,1920,1080,hand,1285,228,1353,309
T_P_Mostrando_Verdes_100.jpg,1920,1080,hand,1618,1,1680,67
T_P_Trabajando_Manos_147.jpg,1920,1080,hand,1096,248,1168,295
T_P_Mostrando_Verdes_88.jpg,1920,1080,hand,1333,136,1393,215
T_P_Mostrando_Verdes_88.jpg,1920,1080,hand,1179,107,1253,163
T_P_Mostrando_Amarillos_46.jpg,1920,1080,hand,1168,233,1227,277
T_P_Mostrando_Amarillos_46.jpg,1920,1080,hand,1248,239,1304,277
T_P_Mostrando_Manos_26.jpg,1920,1080,hand,1582,278,1634,341
T_P_Mostrando_Manos_26.jpg,1920,1080,hand,1455,273,1502,339
T_P_Mostrando_Manos_76.jpg,1920,1080,hand,1301,246,1372,299
T_P_Mostrando_Manos_76.jpg,1920,1080,hand,1063,249,1116,289
T_P_Trabajando_Manos_90.jpg,1920,1080,hand,1295,260,1355,323
T_P_Trabajando_Manos_90.jpg,1920,1080,hand,1387,252,1450,317
T_P_Trabajando_Manos_2.jpg,1920,1080,hand,572,889,745,1067
T_P_Trabajando_Manos_2.jpg,1920,1080,hand,1103,593,1200,769
T_P_Trabajando_Amarillos_79.jpg,1920,1080,hand,1281,233,1337,285
T_P_Trabajando_Amarillos_79.jpg,1920,1080,hand,1164,249,1206,314
T_P_Mostrando_Mano-Verde_36.jpg,1920,1080,hand,1157,55,1231,126
T_P_Mostrando_Mano-Verde_36.jpg,1920,1080,hand,1384,93,1438,133
T_P_Mostrando_Mano-Amarillo_9.jpg,1920,1080,hand,960,7,1010,59
T_P_Mostrando_Mano-Amarillo_9.jpg,1920,1080,hand,1139,7,1187,61
T_P_Mostrando_Verdes_39.jpg,1920,1080,hand,1119,275,1184,320
T_P_Mostrando_Verdes_39.jpg,1920,1080,hand,1283,281,1371,329
T_P_Trabajando_Verdes_18.jpg,1920,1080,hand,1036,233,1110,280
T_P_Trabajando_Amarillos_76.jpg,1920,1080,hand,1299,233,1342,296
T_P_Trabajando_Verdes_5.jpg,1920,1080,hand,1079,231,1146,275
T_P_Trabajando_Verdes_5.jpg,1920,1080,hand,1194,253,1252,309
T_P_Mostrando_Amarillos_18.jpg,1920,1080,hand,1337,260,1422,311
T_P_Mostrando_Amarillos_18.jpg,1920,1080,hand,1078,252,1150,299
T_P_Trabajando_Mano-Amarillo_31.jpg,1920,1080,hand,1308,265,1362,304
T_P_Trabajando_Mano-Verde_29.jpg,1920,1080,hand,1187,262,1256,314
T_P_Trabajando_Mano-Verde_29.jpg,1920,1080,hand,1287,211,1335,255
T_P_Trabajando_Verdes_148.jpg,1920,1080,hand,1336,253,1393,312
T_P_Trabajando_Verdes_148.jpg,1920,1080,hand,1258,245,1318,304
T_P_Trabajando_Amarillos_34.jpg,1920,1080,hand,1206,242,1259,284
T_P_Mostrando_Manos_68.jpg,1920,1080,hand,1066,43,1114,96
T_P_Mostrando_Manos_68.jpg,1920,1080,hand,1146,209,1186,249
T_P_Mostrando_Amarillos_9.jpg,1920,1080,hand,1171,256,1226,291
T_P_Mostrando_Amarillos_9.jpg,1920,1080,hand,1182,223,1243,256
T_P_Trabajando_Amarillos_59.jpg,1920,1080,hand,1270,260,1313,304
T_P_Trabajando_Amarillos_59.jpg,1920,1080,hand,1179,250,1234,290
T_P_Trabajando_Manos_131.jpg,1920,1080,hand,1116,236,1170,289
T_P_Trabajando_Amarillos_55.jpg,1920,1080,hand,1236,227,1299,281
T_P_Mostrando_Manos_93.jpg,1920,1080,hand,1120,263,1164,307
T_P_Mostrando_Manos_93.jpg,1920,1080,hand,1308,273,1367,323
T_P_Mostrando_Manos_14.jpg,1920,1080,hand,1324,27,1388,73
T_P_Mostrando_Manos_14.jpg,1920,1080,hand,1608,115,1675,160
T_P_Trabajando_Manos_42.jpg,1920,1080,hand,1168,224,1215,287
T_P_Trabajando_Manos_42.jpg,1920,1080,hand,1266,231,1320,286
T_P_Mostrando_Amarillos_30.jpg,1920,1080,hand,1338,272,1413,316
T_P_Mostrando_Amarillos_30.jpg,1920,1080,hand,1068,263,1132,303
T_P_Trabajando_Amarillos_77.jpg,1920,1080,hand,1292,233,1339,290
T_P_Trabajando_Amarillos_77.jpg,1920,1080,hand,1158,241,1211,313
T_P_Trabajando_Verdes_117.jpg,1920,1080,hand,1160,220,1206,257
T_P_Mostrando_Manos_104.jpg,1920,1080,hand,1331,199,1376,243
T_P_Mostrando_Manos_104.jpg,1920,1080,hand,1097,184,1138,227
T_P_Trabajando_Mano-Verde_26.jpg,1920,1080,hand,1192,261,1252,313
T_P_Trabajando_Mano-Verde_26.jpg,1920,1080,hand,1280,204,1339,255
T_P_Trabajando_Amarillos_29.jpg,1920,1080,hand,1241,227,1309,284
T_P_Trabajando_Amarillos_29.jpg,1920,1080,hand,1336,228,1406,284
T_P_Mostrando_Verdes_11.jpg,1920,1080,hand,1096,257,1158,309
T_P_Mostrando_Verdes_11.jpg,1920,1080,hand,1312,271,1356,319
T_P_Mostrando_Verdes_106.jpg,1920,1080,hand,1486,331,1563,405
T_P_Mostrando_Verdes_106.jpg,1920,1080,hand,1560,331,1619,392
T_P_Mostrando_Mano-Verde_35.jpg,1920,1080,hand,1083,106,1155,155
T_P_Mostrando_Mano-Verde_35.jpg,1920,1080,hand,1331,120,1392,169
T_P_Mostrando_Manos_108.jpg,1920,1080,hand,1081,182,1136,249
T_P_Mostrando_Manos_108.jpg,1920,1080,hand,1328,206,1395,265
T_P_Mostrando_Mano-Verde_24.jpg,1920,1080,hand,1070,261,1141,308
T_P_Mostrando_Mano-Verde_24.jpg,1920,1080,hand,1159,265,1228,303
T_P_Mostrando_Manos_119.jpg,1920,1080,hand,1254,257,1307,303
T_P_Mostrando_Manos_119.jpg,1920,1080,hand,1180,255,1222,295
T_P_Mostrando_Amarillos_5.jpg,1920,1080,hand,1170,248,1222,295
T_P_Mostrando_Amarillos_5.jpg,1920,1080,hand,1220,233,1278,279
T_P_Trabajando_Manos_140.jpg,1920,1080,hand,1190,247,1248,307
T_P_Trabajando_Manos_140.jpg,1920,1080,hand,1272,249,1324,303
T_P_Trabajando_Manos_0.jpg,1920,1080,hand,933,856,1089,1025
T_P_Mostrando_Amarillos_50.jpg,1920,1080,hand,1274,101,1346,201
T_P_Mostrando_Amarillos_50.jpg,1920,1080,hand,1146,75,1213,156
T_P_Mostrando_Verdes_68.jpg,1920,1080,hand,1062,273,1132,317
T_P_Mostrando_Verdes_68.jpg,1920,1080,hand,1364,283,1432,328
T_P_Trabajando_Verdes_58.jpg,1920,1080,hand,1091,243,1160,281
T_P_Trabajando_Amarillos_21.jpg,1920,1080,hand,1119,207,1172,249
T_P_Trabajando_Amarillos_21.jpg,1920,1080,hand,1229,256,1271,299
T_P_Mostrando_Mano-Verde_25.jpg,1920,1080,hand,1170,262,1245,308
T_P_Mostrando_Mano-Verde_25.jpg,1920,1080,hand,1066,256,1127,320
T_P_Trabajando_Mano-Verde_31.jpg,1920,1080,hand,1193,256,1268,320
T_P_Trabajando_Mano-Verde_31.jpg,1920,1080,hand,1284,212,1338,259
T_P_Trabajando_Verdes_21.jpg,1920,1080,hand,1308,249,1363,301
T_P_Trabajando_Verdes_21.jpg,1920,1080,hand,1386,237,1438,289
T_P_Mostrando_Mano-Verde_14.jpg,1920,1080,hand,1050,227,1108,284
T_P_Mostrando_Mano-Verde_14.jpg,1920,1080,hand,1106,225,1160,288
T_P_Trabajando_Amarillos_48.jpg,1920,1080,hand,1253,204,1307,261
T_P_Trabajando_Amarillos_48.jpg,1920,1080,hand,1220,247,1259,281
T_P_Mostrando_Verdes_96.jpg,1920,1080,hand,1498,65,1579,120
T_P_Mostrando_Verdes_96.jpg,1920,1080,hand,1323,17,1407,95
T_P_Trabajando_Verdes_105.jpg,1920,1080,hand,1083,197,1132,259
T_P_Trabajando_Verdes_105.jpg,1920,1080,hand,1347,223,1423,276
T_P_Mostrando_Manos_113.jpg,1920,1080,hand,1074,264,1130,309
T_P_Mostrando_Manos_113.jpg,1920,1080,hand,1359,276,1411,319
T_P_Trabajando_Verdes_155.jpg,1920,1080,hand,1205,187,1270,236
T_P_Trabajando_Manos_178.jpg,1920,1080,hand,1214,249,1256,283
T_P_Trabajando_Manos_178.jpg,1920,1080,hand,1147,243,1184,283
T_P_Mostrando_Amarillos_40.jpg,1920,1080,hand,1340,249,1400,295
T_P_Mostrando_Amarillos_40.jpg,1920,1080,hand,1064,235,1116,281
T_P_Mostrando_Amarillos_11.jpg,1920,1080,hand,1165,232,1214,279
T_P_Mostrando_Amarillos_11.jpg,1920,1080,hand,1234,236,1291,273
T_P_Trabajando_Mano-Verde_25.jpg,1920,1080,hand,1196,255,1246,317
T_P_Trabajando_Mano-Verde_25.jpg,1920,1080,hand,1290,208,1335,249
T_P_Mostrando_Amarillos_26.jpg,1920,1080,hand,1348,278,1459,329
T_P_Mostrando_Amarillos_26.jpg,1920,1080,hand,1045,267,1123,319
T_P_Trabajando_Mano-Amarillo_20.jpg,1920,1080,hand,1283,249,1343,307
T_P_Mostrando_Mano-Verde_12.jpg,1920,1080,hand,1046,211,1098,263
T_P_Mostrando_Mano-Verde_12.jpg,1920,1080,hand,1102,208,1140,249
T_P_Mostrando_Manos_32.jpg,1920,1080,hand,1455,283,1502,333
T_P_Mostrando_Manos_32.jpg,1920,1080,hand,1578,299,1624,345
T_P_Trabajando_Verdes_90.jpg,1920,1080,hand,1303,243,1359,295
T_P_Trabajando_Manos_129.jpg,1920,1080,hand,1112,241,1168,301
T_P_Trabajando_Verdes_121.jpg,1920,1080,hand,1154,237,1208,292
T_P_Trabajando_Verdes_121.jpg,1920,1080,hand,1235,239,1290,295
T_P_Mostrando_Mano-Verde_27.jpg,1920,1080,hand,1091,195,1143,271
T_P_Mostrando_Mano-Verde_27.jpg,1920,1080,hand,1150,216,1199,291
T_P_Mostrando_Verdes_37.jpg,1920,1080,hand,1349,273,1434,321
T_P_Mostrando_Verdes_37.jpg,1920,1080,hand,1054,268,1126,317
T_P_Mostrando_Verdes_7.jpg,1920,1080,hand,1189,275,1238,321
T_P_Mostrando_Verdes_7.jpg,1920,1080,hand,1255,274,1312,324
T_P_Mostrando_Manos_27.jpg,1920,1080,hand,1580,269,1636,338
T_P_Mostrando_Manos_27.jpg,1920,1080,hand,1460,267,1504,327
T_P_Trabajando_Manos_121.jpg,1920,1080,hand,1130,260,1187,306
T_P_Trabajando_Manos_121.jpg,1920,1080,hand,1214,230,1278,285
T_P_Mostrando_Amarillos_47.jpg,1920,1080,hand,1269,219,1314,274
T_P_Mostrando_Amarillos_47.jpg,1920,1080,hand,1182,229,1243,271
T_P_Mostrando_Mano-Verde_15.jpg,1920,1080,hand,1044,220,1116,291
T_P_Mostrando_Mano-Verde_15.jpg,1920,1080,hand,1119,232,1167,285
T_P_Mostrando_Manos_9.jpg,1920,1080,hand,1463,255,1523,328
T_P_Mostrando_Manos_125.jpg,1920,1080,hand,1264,256,1320,306
T_P_Mostrando_Manos_125.jpg,1920,1080,hand,1138,244,1192,291
T_P_Trabajando_Manos_132.jpg,1920,1080,hand,1119,223,1175,279
T_P_Mostrando_Manos_22.jpg,1920,1080,hand,1456,209,1492,248
T_P_Mostrando_Manos_22.jpg,1920,1080,hand,1590,233,1622,268
T_P_Trabajando_Amarillos_20.jpg,1920,1080,hand,1075,201,1140,255
T_P_Trabajando_Amarillos_20.jpg,1920,1080,hand,1236,251,1300,303
T_P_Mostrando_Manos_82.jpg,1920,1080,hand,1171,253,1223,300
T_P_Mostrando_Manos_82.jpg,1920,1080,hand,1252,257,1295,295
T_P_Mostrando_Amarillos_17.jpg,1920,1080,hand,1344,260,1431,313
T_P_Mostrando_Amarillos_17.jpg,1920,1080,hand,1051,250,1138,299
T_P_Trabajando_Verdes_80.jpg,1920,1080,hand,1194,207,1243,255
T_P_Trabajando_Verdes_80.jpg,1920,1080,hand,1308,260,1354,301
T_P_Trabajando_Manos_1.jpg,1920,1080,hand,1027,711,1141,896
T_P_Trabajando_Amarillos_15.jpg,1920,1080,hand,1209,240,1271,290
T_P_Trabajando_Mano-Verde_23.jpg,1920,1080,hand,1200,256,1260,311
T_P_Trabajando_Mano-Verde_23.jpg,1920,1080,hand,1308,216,1363,259
T_P_Trabajando_Manos_144.jpg,1920,1080,hand,1308,249,1384,325
T_P_Trabajando_Amarillos_1.jpg,1920,1080,hand,1225,240,1280,290
T_P_Trabajando_Amarillos_1.jpg,1920,1080,hand,1162,246,1222,298
T_P_Mostrando_Manos_6.jpg,1920,1080,hand,1744,345,1798,438
T_P_Mostrando_Manos_6.jpg,1920,1080,hand,1476,312,1535,407
T_P_Mostrando_Amarillos_23.jpg,1920,1080,hand,1184,271,1227,309
T_P_Mostrando_Amarillos_23.jpg,1920,1080,hand,1243,273,1294,315
T_P_Mostrando_Manos_128.jpg,1920,1080,hand,1313,207,1356,276
T_P_Mostrando_Manos_128.jpg,1920,1080,hand,1239,177,1290,233
T_P_Mostrando_Amarillos_34.jpg,1920,1080,hand,1315,266,1367,308
T_P_Mostrando_Amarillos_34.jpg,1920,1080,hand,1108,256,1158,311
T_P_Mostrando_Verdes_18.jpg,1920,1080,hand,1035,150,1108,208
T_P_Mostrando_Verdes_18.jpg,1920,1080,hand,1386,185,1442,223
T_P_Trabajando_Manos_70.jpg,1920,1080,hand,1221,167,1267,214
T_P_Trabajando_Manos_70.jpg,1920,1080,hand,1323,249,1368,291
T_P_Trabajando_Verdes_46.jpg,1920,1080,hand,1182,191,1236,248
T_P_Trabajando_Verdes_94.jpg,1920,1080,hand,1331,239,1381,284
T_P_Mostrando_Manos_89.jpg,1920,1080,hand,1048,273,1123,311
T_P_Mostrando_Manos_89.jpg,1920,1080,hand,1352,280,1424,324
T_P_Trabajando_Verdes_72.jpg,1920,1080,hand,1293,212,1351,262
T_P_Trabajando_Verdes_134.jpg,1920,1080,hand,1172,237,1212,277
T_P_Mostrando_Mano-Verde_10.jpg,1920,1080,hand,1078,181,1118,235
T_P_Mostrando_Mano-Verde_10.jpg,1920,1080,hand,1016,188,1068,240
T_P_Trabajando_Verdes_68.jpg,1920,1080,hand,1239,241,1299,288
T_P_Trabajando_Verdes_68.jpg,1920,1080,hand,1302,240,1360,285
T_P_Mostrando_Amarillos_44.jpg,1920,1080,hand,1272,240,1320,291
T_P_Mostrando_Amarillos_44.jpg,1920,1080,hand,1164,239,1238,295
T_P_Mostrando_Amarillos_51.jpg,1920,1080,hand,1115,45,1186,125
T_P_Mostrando_Amarillos_51.jpg,1920,1080,hand,1291,73,1358,157
T_P_Mostrando_Verdes_46.jpg,1920,1080,hand,1178,261,1231,301
T_P_Mostrando_Verdes_46.jpg,1920,1080,hand,1242,261,1295,303
T_P_Trabajando_Manos_64.jpg,1920,1080,hand,1332,255,1390,296
T_P_Trabajando_Manos_64.jpg,1920,1080,hand,1220,265,1276,309
T_P_Mostrando_Amarillos_54.jpg,1920,1080,hand,1017,52,1094,127
T_P_Mostrando_Amarillos_54.jpg,1920,1080,hand,1370,92,1439,148
T_P_Trabajando_Amarillos_32.jpg,1920,1080,hand,1212,236,1274,293
T_P_Trabajando_Verdes_128.jpg,1920,1080,hand,1242,235,1287,277
T_P_Trabajando_Verdes_128.jpg,1920,1080,hand,1166,239,1212,291
T_P_Mostrando_Verdes_30.jpg,1920,1080,hand,1138,249,1191,285
T_P_Trabajando_Manos_112.jpg,1920,1080,hand,1073,209,1142,257
T_P_Trabajando_Verdes_168.jpg,1920,1080,hand,1296,216,1336,260
T_P_Trabajando_Verdes_168.jpg,1920,1080,hand,1232,211,1283,257
T_P_Trabajando_Verdes_153.jpg,1920,1080,hand,1220,188,1270,237
T_P_Trabajando_Verdes_88.jpg,1920,1080,hand,1336,248,1392,315
T_P_Mostrando_Manos_126.jpg,1920,1080,hand,1261,252,1316,302
T_P_Mostrando_Manos_126.jpg,1920,1080,hand,1141,249,1195,292
T_P_Trabajando_Mano-Amarillo_25.jpg,1920,1080,hand,1298,217,1366,285
T_P_Trabajando_Verdes_39.jpg,1920,1080,hand,1162,211,1200,276
T_P_Trabajando_Amarillos_14.jpg,1920,1080,hand,1203,240,1264,293
T_P_Mostrando_Manos_101.jpg,1920,1080,hand,1080,251,1132,283
T_P_Mostrando_Manos_101.jpg,1920,1080,hand,1320,261,1376,299
T_P_Trabajando_Mano-Verde_3.jpg,1920,1080,hand,1215,203,1263,245
T_P_Trabajando_Verdes_20.jpg,1920,1080,hand,1131,223,1187,277
T_P_Trabajando_Verdes_170.jpg,1920,1080,hand,1288,213,1338,256
T_P_Trabajando_Verdes_170.jpg,1920,1080,hand,1236,219,1286,261
T_P_Trabajando_Mano-Amarillo_51.jpg,1920,1080,hand,1152,235,1210,284
T_P_Trabajando_Mano-Amarillo_51.jpg,1920,1080,hand,1204,219,1250,253
T_P_Mostrando_Amarillos_56.jpg,1920,1080,hand,1349,80,1399,142
T_P_Mostrando_Amarillos_56.jpg,1920,1080,hand,1099,40,1143,97
T_P_Mostrando_Manos_45.jpg,1920,1080,hand,1179,39,1235,88
T_P_Mostrando_Manos_45.jpg,1920,1080,hand,1375,1,1425,53
T_P_Trabajando_Amarillos_2.jpg,1920,1080,hand,1156,233,1212,288
T_P_Trabajando_Verdes_75.jpg,1920,1080,hand,1274,193,1330,247
T_P_Trabajando_Amarillos_66.jpg,1920,1080,hand,1246,257,1299,299
T_P_Trabajando_Amarillos_66.jpg,1920,1080,hand,1139,203,1190,261
T_P_Trabajando_Amarillos_78.jpg,1920,1080,hand,1159,249,1207,311
T_P_Trabajando_Amarillos_78.jpg,1920,1080,hand,1289,235,1340,289
T_P_Trabajando_Mano-Verde_9.jpg,1920,1080,hand,1192,228,1258,273
T_P_Mostrando_Manos_87.jpg,1920,1080,hand,1098,280,1151,312
T_P_Mostrando_Manos_87.jpg,1920,1080,hand,1299,289,1360,323
T_P_Trabajando_Manos_166.jpg,1920,1080,hand,1132,222,1181,305
T_P_Trabajando_Manos_166.jpg,1920,1080,hand,1263,233,1334,300
T_P_Trabajando_Amarillos_53.jpg,1920,1080,hand,1187,235,1236,277
T_P_Mostrando_Amarillos_19.jpg,1920,1080,hand,1147,246,1199,300
T_P_Mostrando_Amarillos_19.jpg,1920,1080,hand,1294,257,1358,306
T_P_Trabajando_Verdes_43.jpg,1920,1080,hand,1166,173,1212,232
T_P_Trabajando_Verdes_123.jpg,1920,1080,hand,1162,235,1214,297
T_P_Trabajando_Verdes_123.jpg,1920,1080,hand,1238,239,1280,287
T_P_Trabajando_Verdes_116.jpg,1920,1080,hand,1208,224,1271,277
T_P_Mostrando_Amarillos_3.jpg,1920,1080,hand,1171,255,1222,296
T_P_Mostrando_Amarillos_3.jpg,1920,1080,hand,1232,253,1290,301
T_P_Trabajando_Mano-Amarillo_17.jpg,1920,1080,hand,1278,225,1346,279
T_P_Trabajando_Manos_148.jpg,1920,1080,hand,1282,224,1357,281
T_P_Trabajando_Manos_148.jpg,1920,1080,hand,1094,247,1166,295
T_P_Trabajando_Mano-Verde_10.jpg,1920,1080,hand,1192,228,1248,276
T_P_Trabajando_Manos_51.jpg,1920,1080,hand,1136,252,1174,289
T_P_Trabajando_Manos_51.jpg,1920,1080,hand,1247,253,1300,292
T_P_Mostrando_Amarillos_38.jpg,1920,1080,hand,1061,239,1117,285
T_P_Mostrando_Amarillos_38.jpg,1920,1080,hand,1345,266,1438,311
T_P_Trabajando_Amarillos_61.jpg,1920,1080,hand,1174,230,1238,293
T_P_Trabajando_Amarillos_61.jpg,1920,1080,hand,1249,256,1298,298
T_P_Trabajando_Manos_98.jpg,1920,1080,hand,1142,234,1185,271
T_P_Trabajando_Manos_98.jpg,1920,1080,hand,1219,227,1286,264
T_P_Trabajando_Verdes_145.jpg,1920,1080,hand,1151,239,1201,305
T_P_Trabajando_Mano-Verde_5.jpg,1920,1080,hand,1215,212,1252,245
T_P_Mostrando_Mano-Amarillo_7.jpg,1920,1080,hand,1113,4,1151,53
T_P_Mostrando_Mano-Amarillo_7.jpg,1920,1080,hand,923,5,972,51
T_P_Trabajando_Amarillos_10.jpg,1920,1080,hand,1248,246,1312,318
T_P_Trabajando_Amarillos_10.jpg,1920,1080,hand,1128,231,1194,312
T_P_Mostrando_Manos_85.jpg,1920,1080,hand,1172,264,1227,305
T_P_Mostrando_Manos_85.jpg,1920,1080,hand,1242,269,1283,309
T_P_Mostrando_Manos_129.jpg,1920,1080,hand,1210,166,1264,226
T_P_Mostrando_Manos_129.jpg,1920,1080,hand,1354,212,1408,267
T_P_Trabajando_Manos_134.jpg,1920,1080,hand,1128,208,1177,261
T_P_Mostrando_Mano-Verde_17.jpg,1920,1080,hand,1129,247,1196,298
T_P_Mostrando_Mano-Verde_17.jpg,1920,1080,hand,1056,242,1115,305
T_P_Trabajando_Mano-Amarillo_50.jpg,1920,1080,hand,1150,241,1212,285
T_P_Trabajando_Mano-Amarillo_50.jpg,1920,1080,hand,1203,212,1255,263
T_P_Trabajando_Manos_106.jpg,1920,1080,hand,1224,222,1267,285
T_P_Trabajando_Amarillos_75.jpg,1920,1080,hand,1270,230,1342,288
T_P_Trabajando_Verdes_59.jpg,1920,1080,hand,1092,233,1159,279
T_P_Trabajando_Manos_135.jpg,1920,1080,hand,1122,207,1184,265
T_P_Mostrando_Verdes_110.jpg,1920,1080,hand,1579,314,1630,390
T_P_Mostrando_Verdes_110.jpg,1920,1080,hand,1478,316,1531,391
T_P_Trabajando_Manos_58.jpg,1920,1080,hand,1372,263,1423,299
T_P_Trabajando_Manos_58.jpg,1920,1080,hand,1159,257,1226,292
T_P_Trabajando_Amarillos_63.jpg,1920,1080,hand,1250,259,1301,297
T_P_Trabajando_Amarillos_63.jpg,1920,1080,hand,1183,243,1241,299
T_P_Trabajando_Mano-Verde_1.jpg,1920,1080,hand,1202,214,1250,252
T_P_Trabajando_Verdes_2.jpg,1920,1080,hand,1071,228,1140,269
T_P_Trabajando_Verdes_2.jpg,1920,1080,hand,1271,256,1339,309
T_P_Mostrando_Verdes_97.jpg,1920,1080,hand,1540,29,1614,88
T_P_Mostrando_Verdes_97.jpg,1920,1080,hand,1359,1,1436,72
T_P_Trabajando_Verdes_42.jpg,1920,1080,hand,1162,182,1212,236
T_P_Trabajando_Verdes_42.jpg,1920,1080,hand,1258,245,1318,291
T_P_Trabajando_Verdes_70.jpg,1920,1080,hand,1312,240,1355,290
T_P_Trabajando_Verdes_70.jpg,1920,1080,hand,1245,239,1295,284
T_P_Trabajando_Manos_38.jpg,1920,1080,hand,1143,232,1190,273
T_P_Trabajando_Manos_38.jpg,1920,1080,hand,1060,217,1120,252
T_P_Mostrando_Verdes_53.jpg,1920,1080,hand,1192,258,1240,315
T_P_Mostrando_Verdes_53.jpg,1920,1080,hand,1252,269,1300,317
T_P_Mostrando_Manos_81.jpg,1920,1080,hand,1078,252,1130,292
T_P_Mostrando_Manos_81.jpg,1920,1080,hand,1354,261,1404,309
T_P_Mostrando_Verdes_76.jpg,1920,1080,hand,1003,236,1075,285
T_P_Mostrando_Verdes_76.jpg,1920,1080,hand,1403,253,1470,297
T_P_Mostrando_Amarillos_60.jpg,1920,1080,hand,1161,41,1249,126
T_P_Mostrando_Amarillos_60.jpg,1920,1080,hand,1373,93,1425,168
T_P_Trabajando_Amarillos_50.jpg,1920,1080,hand,1207,245,1250,284
T_P_Trabajando_Amarillos_50.jpg,1920,1080,hand,1262,227,1310,273
T_P_Trabajando_Manos_10.jpg,1920,1080,hand,1648,238,1707,320
T_P_Trabajando_Manos_10.jpg,1920,1080,hand,1364,282,1447,365
T_P_Mostrando_Verdes_21.jpg,1920,1080,hand,1355,107,1428,184
T_P_Mostrando_Verdes_21.jpg,1920,1080,hand,1060,76,1141,160
T_P_Trabajando_Verdes_110.jpg,1920,1080,hand,1125,202,1198,269
T_P_Trabajando_Verdes_110.jpg,1920,1080,hand,1356,208,1420,257
T_P_Trabajando_Verdes_51.jpg,1920,1080,hand,1166,221,1228,259
T_P_Mostrando_Manos_96.jpg,1920,1080,hand,1172,255,1224,299
T_P_Mostrando_Manos_96.jpg,1920,1080,hand,1228,248,1286,307
T_P_Trabajando_Verdes_16.jpg,1920,1080,hand,1121,244,1182,309
T_P_Trabajando_Verdes_16.jpg,1920,1080,hand,1026,245,1094,295
T_P_Trabajando_Mano-Verde_18.jpg,1920,1080,hand,1304,253,1354,303
T_P_Trabajando_Mano-Verde_18.jpg,1920,1080,hand,1370,248,1422,308
T_P_Trabajando_Verdes_118.jpg,1920,1080,hand,1153,217,1202,283
T_P_Mostrando_Amarillos_61.jpg,1920,1080,hand,1182,19,1269,100
T_P_Mostrando_Amarillos_61.jpg,1920,1080,hand,1382,49,1439,147
T_P_Mostrando_Manos_80.jpg,1920,1080,hand,1059,244,1110,285
T_P_Mostrando_Manos_80.jpg,1920,1080,hand,1352,264,1400,297
T_P_Trabajando_Manos_14.jpg,1920,1080,hand,1361,146,1434,207
T_P_Trabajando_Manos_14.jpg,1920,1080,hand,1455,213,1511,278
T_P_Trabajando_Amarillos_80.jpg,1920,1080,hand,1193,247,1240,303
T_P_Trabajando_Amarillos_80.jpg,1920,1080,hand,1264,232,1331,284
T_P_Trabajando_Amarillos_0.jpg,1920,1080,hand,1219,243,1284,294
T_P_Trabajando_Amarillos_0.jpg,1920,1080,hand,1162,238,1212,294
T_P_Mostrando_Verdes_48.jpg,1920,1080,hand,1168,249,1224,295
T_P_Mostrando_Verdes_48.jpg,1920,1080,hand,1246,245,1299,295
T_P_Trabajando_Mano-Amarillo_30.jpg,1920,1080,hand,1293,253,1354,303
T_P_Trabajando_Mano-Amarillo_30.jpg,1920,1080,hand,1224,216,1283,264
T_P_Trabajando_Verdes_85.jpg,1920,1080,hand,1184,224,1242,271
T_P_Trabajando_Verdes_85.jpg,1920,1080,hand,1318,260,1358,293
T_P_Mostrando_Verdes_29.jpg,1920,1080,hand,1235,247,1290,291
T_P_Mostrando_Verdes_29.jpg,1920,1080,hand,1177,244,1224,292
T_P_Trabajando_Verdes_53.jpg,1920,1080,hand,1128,224,1196,272
T_P_Trabajando_Amarillos_39.jpg,1920,1080,hand,1191,221,1252,259
T_P_Trabajando_Verdes_129.jpg,1920,1080,hand,1155,227,1210,292
T_P_Mostrando_Manos_34.jpg,1920,1080,hand,1456,235,1498,281
T_P_Mostrando_Manos_34.jpg,1920,1080,hand,1580,251,1619,291
T_P_Trabajando_Verdes_61.jpg,1920,1080,hand,1207,225,1259,271
T_P_Trabajando_Verdes_61.jpg,1920,1080,hand,1062,248,1108,281
T_P_Mostrando_Verdes_56.jpg,1920,1080,hand,1090,256,1136,305
T_P_Mostrando_Verdes_56.jpg,1920,1080,hand,1318,276,1368,323
T_P_Mostrando_Amarillos_57.jpg,1920,1080,hand,1350,89,1398,152
T_P_Mostrando_Amarillos_57.jpg,1920,1080,hand,1116,38,1169,106
T_P_Trabajando_Amarillos_47.jpg,1920,1080,hand,1214,251,1255,285
T_P_Trabajando_Amarillos_47.jpg,1920,1080,hand,1246,215,1288,256
T_P_Mostrando_Manos_5.jpg,1920,1080,hand,1752,415,1808,504
T_P_Mostrando_Manos_5.jpg,1920,1080,hand,1454,296,1512,373
T_P_Trabajando_Verdes_30.jpg,1920,1080,hand,1164,222,1225,276
T_P_Trabajando_Verdes_165.jpg,1920,1080,hand,1282,203,1330,257
T_P_Trabajando_Verdes_165.jpg,1920,1080,hand,1235,215,1282,257
T_P_Trabajando_Amarillos_68.jpg,1920,1080,hand,1244,257,1298,298
T_P_Mostrando_Verdes_9.jpg,1920,1080,hand,1123,252,1180,315
T_P_Mostrando_Verdes_9.jpg,1920,1080,hand,1308,275,1367,328
T_P_Trabajando_Manos_115.jpg,1920,1080,hand,1139,256,1183,302
T_P_Trabajando_Manos_115.jpg,1920,1080,hand,1223,241,1275,285
T_P_Trabajando_Manos_137.jpg,1920,1080,hand,1169,231,1233,289
T_P_Trabajando_Manos_41.jpg,1920,1080,hand,1151,248,1212,282
T_P_Trabajando_Manos_21.jpg,1920,1080,hand,1202,225,1274,279
T_P_Trabajando_Manos_21.jpg,1920,1080,hand,1142,246,1194,282
T_P_Trabajando_Manos_23.jpg,1920,1080,hand,1202,247,1258,283
T_P_Trabajando_Manos_23.jpg,1920,1080,hand,1141,245,1189,284
T_P_Mostrando_Manos_30.jpg,1920,1080,hand,1456,318,1506,383
T_P_Mostrando_Manos_30.jpg,1920,1080,hand,1574,325,1623,389
T_P_Mostrando_Mano-Verde_7.jpg,1920,1080,hand,1082,117,1144,177
T_P_Mostrando_Mano-Verde_7.jpg,1920,1080,hand,984,111,1052,179
T_P_Trabajando_Mano-Amarillo_23.jpg,1920,1080,hand,1250,244,1312,288
T_P_Mostrando_Verdes_108.jpg,1920,1080,hand,1570,322,1631,398
T_P_Mostrando_Verdes_108.jpg,1920,1080,hand,1479,321,1538,396
T_P_Trabajando_Manos_22.jpg,1920,1080,hand,1199,237,1262,281
T_P_Trabajando_Manos_22.jpg,1920,1080,hand,1142,247,1192,284
T_P_Mostrando_Verdes_98.jpg,1920,1080,hand,1559,2,1624,63
T_P_Trabajando_Manos_122.jpg,1920,1080,hand,1134,242,1192,304
T_P_Trabajando_Manos_122.jpg,1920,1080,hand,1210,219,1272,272
T_P_Trabajando_Mano-Amarillo_36.jpg,1920,1080,hand,1149,234,1193,280
T_P_Trabajando_Mano-Amarillo_36.jpg,1920,1080,hand,1233,222,1277,262
T_P_Trabajando_Manos_145.jpg,1920,1080,hand,1284,235,1340,289
T_P_Trabajando_Manos_145.jpg,1920,1080,hand,1344,232,1394,276
T_P_Mostrando_Verdes_32.jpg,1920,1080,hand,1063,233,1124,285
T_P_Mostrando_Verdes_32.jpg,1920,1080,hand,1359,253,1409,301
T_P_Mostrando_Amarillos_27.jpg,1920,1080,hand,1358,282,1419,324
T_P_Mostrando_Amarillos_27.jpg,1920,1080,hand,1038,269,1103,311
T_P_Trabajando_Manos_151.jpg,1920,1080,hand,1277,223,1341,278
T_P_Trabajando_Manos_151.jpg,1920,1080,hand,1084,223,1162,286
T_P_Mostrando_Manos_36.jpg,1920,1080,hand,1571,231,1620,280
T_P_Mostrando_Manos_36.jpg,1920,1080,hand,1452,207,1492,251
T_P_Trabajando_Manos_110.jpg,1920,1080,hand,1124,223,1185,276
T_P_Trabajando_Mano-Verde_12.jpg,1920,1080,hand,1210,248,1262,284
T_P_Trabajando_Mano-Verde_12.jpg,1920,1080,hand,1271,237,1315,277
T_P_Mostrando_Manos_28.jpg,1920,1080,hand,1582,278,1631,338
T_P_Mostrando_Manos_28.jpg,1920,1080,hand,1458,276,1507,339
T_P_Mostrando_Mano-Verde_31.jpg,1920,1080,hand,949,162,1020,235
T_P_Mostrando_Mano-Verde_31.jpg,1920,1080,hand,1232,153,1290,205
T_P_Mostrando_Manos_67.jpg,1920,1080,hand,1135,190,1179,239
T_P_Mostrando_Manos_67.jpg,1920,1080,hand,1054,15,1112,71
T_P_Trabajando_Mano-Amarillo_58.jpg,1920,1080,hand,1156,196,1210,240
T_P_Trabajando_Mano-Amarillo_58.jpg,1920,1080,hand,1199,224,1251,263
T_P_Trabajando_Manos_119.jpg,1920,1080,hand,1136,268,1193,306
T_P_Trabajando_Manos_119.jpg,1920,1080,hand,1229,242,1279,278
T_P_Mostrando_Manos_71.jpg,1920,1080,hand,1056,195,1114,270
T_P_Mostrando_Manos_71.jpg,1920,1080,hand,1217,192,1277,253
T_P_Mostrando_Verdes_16.jpg,1920,1080,hand,1078,248,1124,288
T_P_Mostrando_Verdes_16.jpg,1920,1080,hand,1350,259,1394,299
T_P_Trabajando_Verdes_9.jpg,1920,1080,hand,1092,235,1150,288
T_P_Trabajando_Verdes_122.jpg,1920,1080,hand,1156,225,1212,295
T_P_Trabajando_Verdes_122.jpg,1920,1080,hand,1243,239,1290,292
T_P_Trabajando_Mano-Amarillo_53.jpg,1920,1080,hand,1150,233,1204,275
T_P_Trabajando_Mano-Amarillo_53.jpg,1920,1080,hand,1202,217,1250,253
T_P_Trabajando_Mano-Amarillo_33.jpg,1920,1080,hand,1146,219,1200,276
T_P_Trabajando_Amarillos_43.jpg,1920,1080,hand,1244,219,1310,274
T_P_Trabajando_Manos_139.jpg,1920,1080,hand,1268,246,1308,294
T_P_Trabajando_Manos_139.jpg,1920,1080,hand,1188,244,1242,309
T_P_Trabajando_Manos_65.jpg,1920,1080,hand,1195,263,1251,302
T_P_Trabajando_Manos_65.jpg,1920,1080,hand,1306,265,1359,312
T_P_Trabajando_Manos_102.jpg,1920,1080,hand,1166,235,1215,279
T_P_Trabajando_Amarillos_73.jpg,1920,1080,hand,1257,227,1339,279
T_P_Mostrando_Verdes_12.jpg,1920,1080,hand,1110,258,1169,306
T_P_Mostrando_Verdes_12.jpg,1920,1080,hand,1314,273,1361,309
T_P_Mostrando_Manos_23.jpg,1920,1080,hand,1580,236,1632,290
T_P_Mostrando_Manos_23.jpg,1920,1080,hand,1452,228,1492,277
T_P_Mostrando_Manos_50.jpg,1920,1080,hand,949,142,1001,185
T_P_Mostrando_Manos_50.jpg,1920,1080,hand,1034,136,1076,168
T_P_Mostrando_Verdes_111.jpg,1920,1080,hand,1460,287,1503,343
T_P_Mostrando_Verdes_111.jpg,1920,1080,hand,1592,301,1659,351
T_P_Mostrando_Manos_79.jpg,1920,1080,hand,1299,251,1370,297
T_P_Mostrando_Manos_79.jpg,1920,1080,hand,1072,238,1114,280
T_P_Trabajando_Verdes_115.jpg,1920,1080,hand,1184,227,1255,264
T_P_Trabajando_Amarillos_60.jpg,1920,1080,hand,1262,251,1312,297
T_P_Mostrando_Verdes_14.jpg,1920,1080,hand,1102,255,1155,304
T_P_Mostrando_Verdes_14.jpg,1920,1080,hand,1319,272,1360,309
T_P_Trabajando_Mano-Amarillo_0.jpg,1920,1080,hand,1178,223,1232,272
T_P_Trabajando_Mano-Amarillo_0.jpg,1920,1080,hand,1353,262,1410,299
T_P_Trabajando_Verdes_54.jpg,1920,1080,hand,1084,235,1150,281
T_P_Mostrando_Mano-Verde_16.jpg,1920,1080,hand,1127,241,1189,297
T_P_Mostrando_Mano-Verde_16.jpg,1920,1080,hand,1052,237,1119,292
T_P_Mostrando_Mano-Amarillo_14.jpg,1920,1080,hand,1032,103,1108,152
T_P_Mostrando_Mano-Amarillo_14.jpg,1920,1080,hand,1270,97,1326,147
T_P_Mostrando_Amarillos_58.jpg,1920,1080,hand,1137,33,1185,106
T_P_Mostrando_Amarillos_58.jpg,1920,1080,hand,1352,97,1410,156
T_P_Trabajando_Mano-Verde_21.jpg,1920,1080,hand,1198,256,1258,299
T_P_Trabajando_Manos_43.jpg,1920,1080,hand,1264,251,1310,291
T_P_Mostrando_Mano-Verde_41.jpg,1920,1080,hand,1511,27,1575,98
T_P_Mostrando_Manos_39.jpg,1920,1080,hand,1358,120,1434,175
T_P_Mostrando_Manos_39.jpg,1920,1080,hand,1571,155,1623,213
T_P_Trabajando_Manos_176.jpg,1920,1080,hand,1146,248,1186,284
T_P_Trabajando_Verdes_135.jpg,1920,1080,hand,1282,209,1322,280
T_P_Trabajando_Amarillos_51.jpg,1920,1080,hand,1198,244,1243,276
T_P_Trabajando_Amarillos_51.jpg,1920,1080,hand,1278,231,1331,276
T_P_Mostrando_Mano-Verde_38.jpg,1920,1080,hand,1410,46,1477,102
T_P_Mostrando_Mano-Verde_38.jpg,1920,1080,hand,1202,1,1259,59
T_P_Trabajando_Manos_103.jpg,1920,1080,hand,1166,235,1215,278
T_P_Mostrando_Verdes_24.jpg,1920,1080,hand,1307,111,1377,190
T_P_Mostrando_Verdes_24.jpg,1920,1080,hand,1107,101,1183,158
T_P_Mostrando_Amarillos_22.jpg,1920,1080,hand,1171,254,1230,300
T_P_Mostrando_Amarillos_22.jpg,1920,1080,hand,1242,263,1286,304
T_P_Trabajando_Verdes_35.jpg,1920,1080,hand,1196,225,1250,265
T_P_Trabajando_Verdes_35.jpg,1920,1080,hand,1247,212,1298,261
T_P_Mostrando_Mano-Verde_9.jpg,1920,1080,hand,1078,164,1118,208
T_P_Mostrando_Mano-Verde_9.jpg,1920,1080,hand,1000,173,1046,215
T_P_Trabajando_Manos_69.jpg,1920,1080,hand,1215,172,1263,223
T_P_Trabajando_Amarillos_6.jpg,1920,1080,hand,1134,242,1180,280
T_P_Trabajando_Amarillos_6.jpg,1920,1080,hand,1091,212,1134,265
T_P_Mostrando_Verdes_90.jpg,1920,1080,hand,1360,65,1426,149
T_P_Mostrando_Verdes_90.jpg,1920,1080,hand,1179,50,1264,121
T_P_Mostrando_Manos_99.jpg,1920,1080,hand,1298,257,1352,297
T_P_Mostrando_Manos_99.jpg,1920,1080,hand,1126,257,1179,292
T_P_Trabajando_Verdes_63.jpg,1920,1080,hand,1059,243,1110,280
T_P_Trabajando_Mano-Amarillo_19.jpg,1920,1080,hand,1288,249,1361,312
T_P_Trabajando_Amarillos_84.jpg,1920,1080,hand,1209,241,1284,294
T_P_Trabajando_Manos_172.jpg,1920,1080,hand,1264,213,1313,284
T_P_Trabajando_Manos_172.jpg,1920,1080,hand,1132,255,1190,311
T_P_Mostrando_Verdes_42.jpg,1920,1080,hand,1172,273,1226,312
T_P_Mostrando_Verdes_42.jpg,1920,1080,hand,1231,267,1298,323
T_P_Trabajando_Manos_60.jpg,1920,1080,hand,1362,265,1430,303
T_P_Trabajando_Manos_60.jpg,1920,1080,hand,1162,257,1219,287
T_P_Mostrando_Manos_122.jpg,1920,1080,hand,1300,247,1358,296
T_P_Mostrando_Manos_122.jpg,1920,1080,hand,1106,247,1169,290
T_P_Mostrando_Verdes_0.jpg,1920,1080,hand,1254,249,1318,294
T_P_Mostrando_Verdes_0.jpg,1920,1080,hand,1174,255,1235,296
T_P_Trabajando_Manos_125.jpg,1920,1080,hand,1048,231,1100,261
T_P_Trabajando_Manos_125.jpg,1920,1080,hand,1146,273,1211,313
T_P_Trabajando_Manos_8.jpg,1920,1080,hand,1706,334,1763,433
T_P_Trabajando_Manos_8.jpg,1920,1080,hand,1375,295,1444,377
T_P_Trabajando_Manos_165.jpg,1920,1080,hand,1129,221,1183,300
T_P_Trabajando_Manos_165.jpg,1920,1080,hand,1265,235,1333,300
T_P_Mostrando_Verdes_6.jpg,1920,1080,hand,1190,268,1231,308
T_P_Mostrando_Verdes_6.jpg,1920,1080,hand,1255,269,1309,316
T_P_Trabajando_Manos_167.jpg,1920,1080,hand,1133,221,1183,307
T_P_Trabajando_Amarillos_81.jpg,1920,1080,hand,1194,235,1245,289
T_P_Trabajando_Amarillos_81.jpg,1920,1080,hand,1259,237,1313,294
T_P_Trabajando_Verdes_101.jpg,1920,1080,hand,1071,188,1131,250
T_P_Trabajando_Verdes_101.jpg,1920,1080,hand,1380,225,1444,276
T_P_Mostrando_Amarillos_12.jpg,1920,1080,hand,1242,247,1294,290
T_P_Mostrando_Amarillos_12.jpg,1920,1080,hand,1179,243,1225,289
T_P_Trabajando_Verdes_146.jpg,1920,1080,hand,1320,244,1378,292
T_P_Mostrando_Manos_48.jpg,1920,1080,hand,1049,1,1106,42
T_P_Mostrando_Manos_95.jpg,1920,1080,hand,1178,264,1220,305
T_P_Mostrando_Manos_95.jpg,1920,1080,hand,1250,264,1298,308
T_P_Mostrando_Manos_105.jpg,1920,1080,hand,1334,204,1374,245
T_P_Mostrando_Manos_105.jpg,1920,1080,hand,1096,185,1135,232
T_P_Mostrando_Manos_31.jpg,1920,1080,hand,1452,319,1512,380
T_P_Mostrando_Manos_31.jpg,1920,1080,hand,1575,337,1616,381
T_P_Trabajando_Amarillos_22.jpg,1920,1080,hand,1155,215,1225,268
T_P_Mostrando_Manos_8.jpg,1920,1080,hand,1472,297,1524,364
T_P_Mostrando_Verdes_105.jpg,1920,1080,hand,1559,303,1625,386
T_P_Mostrando_Verdes_105.jpg,1920,1080,hand,1495,308,1552,375
T_P_Trabajando_Amarillos_62.jpg,1920,1080,hand,1250,254,1300,297
T_P_Trabajando_Amarillos_62.jpg,1920,1080,hand,1191,248,1242,306
T_P_Trabajando_Manos_12.jpg,1920,1080,hand,1326,221,1388,263
T_P_Trabajando_Manos_12.jpg,1920,1080,hand,1587,219,1635,275
T_P_Mostrando_Mano-Amarillo_3.jpg,1920,1080,hand,1147,124,1196,172
T_P_Trabajando_Verdes_120.jpg,1920,1080,hand,1164,239,1215,299
T_P_Trabajando_Verdes_120.jpg,1920,1080,hand,1231,231,1287,289
T_P_Mostrando_Manos_70.jpg,1920,1080,hand,1053,168,1104,248
T_P_Mostrando_Manos_70.jpg,1920,1080,hand,1200,196,1246,254
T_P_Trabajando_Verdes_158.jpg,1920,1080,hand,1246,235,1295,285
T_P_Trabajando_Verdes_158.jpg,1920,1080,hand,1294,224,1342,276
T_P_Trabajando_Mano-Verde_32.jpg,1920,1080,hand,1199,265,1267,313
T_P_Trabajando_Mano-Verde_32.jpg,1920,1080,hand,1283,215,1324,260
T_P_Trabajando_Verdes_44.jpg,1920,1080,hand,1171,171,1228,229
T_P_Trabajando_Mano-Verde_7.jpg,1920,1080,hand,1205,199,1251,259
T_P_Trabajando_Manos_33.jpg,1920,1080,hand,1158,241,1200,271
T_P_Trabajando_Manos_33.jpg,1920,1080,hand,1237,239,1289,277
T_P_Trabajando_Amarillos_69.jpg,1920,1080,hand,1244,257,1298,298
T_P_Trabajando_Verdes_132.jpg,1920,1080,hand,1260,217,1308,282
T_P_Trabajando_Manos_61.jpg,1920,1080,hand,1360,261,1417,298
T_P_Trabajando_Manos_61.jpg,1920,1080,hand,1170,250,1225,279
T_P_Mostrando_Amarillos_45.jpg,1920,1080,hand,1184,248,1237,295
T_P_Mostrando_Amarillos_45.jpg,1920,1080,hand,1244,251,1291,297
T_P_Trabajando_Amarillos_40.jpg,1920,1080,hand,1203,210,1249,267
T_P_Mostrando_Verdes_82.jpg,1920,1080,hand,1113,76,1182,144
T_P_Mostrando_Verdes_82.jpg,1920,1080,hand,1309,96,1364,166
T_P_Trabajando_Verdes_111.jpg,1920,1080,hand,1142,190,1197,260
T_P_Trabajando_Verdes_111.jpg,1920,1080,hand,1365,207,1422,268
T_P_Mostrando_Manos_52.jpg,1920,1080,hand,954,195,991,229
T_P_Mostrando_Manos_52.jpg,1920,1080,hand,1028,189,1082,227
